
build/main.elf:     file format elf32-littleriscv


Disassembly of section .text:

000100b4 <exit>:
   100b4:	ff010113          	addi	sp,sp,-16
   100b8:	00812423          	sw	s0,8(sp)
   100bc:	00112623          	sw	ra,12(sp)
   100c0:	00001797          	auipc	a5,0x1
   100c4:	e1c78793          	addi	a5,a5,-484 # 10edc <__call_exitprocs>
   100c8:	00050413          	mv	s0,a0
   100cc:	00078663          	beqz	a5,100d8 <exit+0x24>
   100d0:	00000593          	li	a1,0
   100d4:	609000ef          	jal	10edc <__call_exitprocs>
   100d8:	86c1a783          	lw	a5,-1940(gp) # 13d24 <__stdio_exit_handler>
   100dc:	00078463          	beqz	a5,100e4 <exit+0x30>
   100e0:	000780e7          	jalr	a5
   100e4:	00040513          	mv	a0,s0
   100e8:	299020ef          	jal	12b80 <_exit>

000100ec <_start>:
   100ec:	00004197          	auipc	gp,0x4
   100f0:	3cc18193          	addi	gp,gp,972 # 144b8 <__global_pointer$>
   100f4:	00000513          	li	a0,0
   100f8:	00050463          	beqz	a0,10100 <_start+0x14>
   100fc:	01751073          	csrw	jvt,a0
   10100:	00004517          	auipc	a0,0x4
   10104:	c2050513          	addi	a0,a0,-992 # 13d20 <completed.1>
   10108:	00004617          	auipc	a2,0x4
   1010c:	e3060613          	addi	a2,a2,-464 # 13f38 <__BSS_END__>
   10110:	40a60633          	sub	a2,a2,a0
   10114:	00000593          	li	a1,0
   10118:	499000ef          	jal	10db0 <memset>
   1011c:	00001517          	auipc	a0,0x1
   10120:	c0c50513          	addi	a0,a0,-1012 # 10d28 <__libc_fini_array>
   10124:	278000ef          	jal	1039c <atexit>
   10128:	36d000ef          	jal	10c94 <__libc_init_array>
   1012c:	00012503          	lw	a0,0(sp)
   10130:	00410593          	addi	a1,sp,4
   10134:	00251613          	slli	a2,a0,0x2
   10138:	00460613          	addi	a2,a2,4
   1013c:	00b60633          	add	a2,a2,a1
   10140:	1c4000ef          	jal	10304 <main>
   10144:	f71ff06f          	j	100b4 <exit>

00010148 <__do_global_dtors_aux>:
   10148:	8681c783          	lbu	a5,-1944(gp) # 13d20 <completed.1>
   1014c:	04079263          	bnez	a5,10190 <__do_global_dtors_aux+0x48>
   10150:	00000793          	li	a5,0
   10154:	02078863          	beqz	a5,10184 <__do_global_dtors_aux+0x3c>
   10158:	ff010113          	addi	sp,sp,-16
   1015c:	00003517          	auipc	a0,0x3
   10160:	b5050513          	addi	a0,a0,-1200 # 12cac <__EH_FRAME_BEGIN__>
   10164:	00112623          	sw	ra,12(sp)
   10168:	00000097          	auipc	ra,0x0
   1016c:	000000e7          	jalr	zero # 0 <exit-0x100b4>
   10170:	00c12083          	lw	ra,12(sp)
   10174:	00100793          	li	a5,1
   10178:	86f18423          	sb	a5,-1944(gp) # 13d20 <completed.1>
   1017c:	01010113          	addi	sp,sp,16
   10180:	00008067          	ret
   10184:	00100793          	li	a5,1
   10188:	86f18423          	sb	a5,-1944(gp) # 13d20 <completed.1>
   1018c:	00008067          	ret
   10190:	00008067          	ret

00010194 <frame_dummy>:
   10194:	00000793          	li	a5,0
   10198:	00078c63          	beqz	a5,101b0 <frame_dummy+0x1c>
   1019c:	8a418593          	addi	a1,gp,-1884 # 13d5c <object.0>
   101a0:	00003517          	auipc	a0,0x3
   101a4:	b0c50513          	addi	a0,a0,-1268 # 12cac <__EH_FRAME_BEGIN__>
   101a8:	00000317          	auipc	t1,0x0
   101ac:	00000067          	jr	zero # 0 <exit-0x100b4>
   101b0:	00008067          	ret

000101b4 <max_sum_row>:
   101b4:	fc010113          	addi	sp,sp,-64
   101b8:	02112e23          	sw	ra,60(sp)
   101bc:	02812c23          	sw	s0,56(sp)
   101c0:	02912a23          	sw	s1,52(sp)
   101c4:	04010413          	addi	s0,sp,64
   101c8:	fca42623          	sw	a0,-52(s0)
   101cc:	fcb42423          	sw	a1,-56(s0)
   101d0:	fcc42223          	sw	a2,-60(s0)
   101d4:	fc842483          	lw	s1,-56(s0)
   101d8:	fff48693          	addi	a3,s1,-1
   101dc:	fcd42a23          	sw	a3,-44(s0)
   101e0:	00048693          	mv	a3,s1
   101e4:	00068813          	mv	a6,a3
   101e8:	00000893          	li	a7,0
   101ec:	01b85693          	srli	a3,a6,0x1b
   101f0:	00589793          	slli	a5,a7,0x5
   101f4:	00f687b3          	add	a5,a3,a5
   101f8:	00581713          	slli	a4,a6,0x5
   101fc:	fe042623          	sw	zero,-20(s0)
   10200:	fe042423          	sw	zero,-24(s0)
   10204:	fe042223          	sw	zero,-28(s0)
   10208:	0300006f          	j	10238 <max_sum_row+0x84>
   1020c:	fc442703          	lw	a4,-60(s0)
   10210:	fe442783          	lw	a5,-28(s0)
   10214:	00279793          	slli	a5,a5,0x2
   10218:	00f707b3          	add	a5,a4,a5
   1021c:	0007a783          	lw	a5,0(a5)
   10220:	fe842703          	lw	a4,-24(s0)
   10224:	00f707b3          	add	a5,a4,a5
   10228:	fef42423          	sw	a5,-24(s0)
   1022c:	fe442783          	lw	a5,-28(s0)
   10230:	00178793          	addi	a5,a5,1
   10234:	fef42223          	sw	a5,-28(s0)
   10238:	fe442703          	lw	a4,-28(s0)
   1023c:	fc842783          	lw	a5,-56(s0)
   10240:	fcf746e3          	blt	a4,a5,1020c <max_sum_row+0x58>
   10244:	00100793          	li	a5,1
   10248:	fef42023          	sw	a5,-32(s0)
   1024c:	0900006f          	j	102dc <max_sum_row+0x128>
   10250:	fc042e23          	sw	zero,-36(s0)
   10254:	fc042c23          	sw	zero,-40(s0)
   10258:	0500006f          	j	102a8 <max_sum_row+0xf4>
   1025c:	00048713          	mv	a4,s1
   10260:	fe042783          	lw	a5,-32(s0)
   10264:	00078593          	mv	a1,a5
   10268:	00070513          	mv	a0,a4
   1026c:	10c000ef          	jal	10378 <__mulsi3>
   10270:	00050793          	mv	a5,a0
   10274:	00279793          	slli	a5,a5,0x2
   10278:	fc442703          	lw	a4,-60(s0)
   1027c:	00f70733          	add	a4,a4,a5
   10280:	fd842783          	lw	a5,-40(s0)
   10284:	00279793          	slli	a5,a5,0x2
   10288:	00f707b3          	add	a5,a4,a5
   1028c:	0007a783          	lw	a5,0(a5)
   10290:	fdc42703          	lw	a4,-36(s0)
   10294:	00f707b3          	add	a5,a4,a5
   10298:	fcf42e23          	sw	a5,-36(s0)
   1029c:	fd842783          	lw	a5,-40(s0)
   102a0:	00178793          	addi	a5,a5,1
   102a4:	fcf42c23          	sw	a5,-40(s0)
   102a8:	fd842703          	lw	a4,-40(s0)
   102ac:	fc842783          	lw	a5,-56(s0)
   102b0:	faf746e3          	blt	a4,a5,1025c <max_sum_row+0xa8>
   102b4:	fdc42703          	lw	a4,-36(s0)
   102b8:	fe842783          	lw	a5,-24(s0)
   102bc:	00e7da63          	bge	a5,a4,102d0 <max_sum_row+0x11c>
   102c0:	fdc42783          	lw	a5,-36(s0)
   102c4:	fef42423          	sw	a5,-24(s0)
   102c8:	fe042783          	lw	a5,-32(s0)
   102cc:	fef42623          	sw	a5,-20(s0)
   102d0:	fe042783          	lw	a5,-32(s0)
   102d4:	00178793          	addi	a5,a5,1
   102d8:	fef42023          	sw	a5,-32(s0)
   102dc:	fe042703          	lw	a4,-32(s0)
   102e0:	fcc42783          	lw	a5,-52(s0)
   102e4:	f6f746e3          	blt	a4,a5,10250 <max_sum_row+0x9c>
   102e8:	fec42783          	lw	a5,-20(s0)
   102ec:	00078513          	mv	a0,a5
   102f0:	03c12083          	lw	ra,60(sp)
   102f4:	03812403          	lw	s0,56(sp)
   102f8:	03412483          	lw	s1,52(sp)
   102fc:	04010113          	addi	sp,sp,64
   10300:	00008067          	ret

00010304 <main>:
   10304:	f5010113          	addi	sp,sp,-176
   10308:	0a112623          	sw	ra,172(sp)
   1030c:	0a812423          	sw	s0,168(sp)
   10310:	0b010413          	addi	s0,sp,176
   10314:	00003717          	auipc	a4,0x3
   10318:	87470713          	addi	a4,a4,-1932 # 12b88 <_exit+0x8>
   1031c:	f5c40793          	addi	a5,s0,-164
   10320:	00070693          	mv	a3,a4
   10324:	09000713          	li	a4,144
   10328:	00070613          	mv	a2,a4
   1032c:	00068593          	mv	a1,a3
   10330:	00078513          	mv	a0,a5
   10334:	299000ef          	jal	10dcc <memcpy>
   10338:	f5c40793          	addi	a5,s0,-164
   1033c:	00078613          	mv	a2,a5
   10340:	00600593          	li	a1,6
   10344:	00600513          	li	a0,6
   10348:	e6dff0ef          	jal	101b4 <max_sum_row>
   1034c:	fea42623          	sw	a0,-20(s0)
   10350:	fec42583          	lw	a1,-20(s0)
   10354:	00003517          	auipc	a0,0x3
   10358:	83050513          	addi	a0,a0,-2000 # 12b84 <_exit+0x4>
   1035c:	520000ef          	jal	1087c <iprintf>
   10360:	00000793          	li	a5,0
   10364:	00078513          	mv	a0,a5
   10368:	0ac12083          	lw	ra,172(sp)
   1036c:	0a812403          	lw	s0,168(sp)
   10370:	0b010113          	addi	sp,sp,176
   10374:	00008067          	ret

00010378 <__mulsi3>:
   10378:	00050613          	mv	a2,a0
   1037c:	00000513          	li	a0,0
   10380:	0015f693          	andi	a3,a1,1
   10384:	00068463          	beqz	a3,1038c <__mulsi3+0x14>
   10388:	00c50533          	add	a0,a0,a2
   1038c:	0015d593          	srli	a1,a1,0x1
   10390:	00161613          	slli	a2,a2,0x1
   10394:	fe0596e3          	bnez	a1,10380 <__mulsi3+0x8>
   10398:	00008067          	ret

0001039c <atexit>:
   1039c:	00050593          	mv	a1,a0
   103a0:	00000693          	li	a3,0
   103a4:	00000613          	li	a2,0
   103a8:	00000513          	li	a0,0
   103ac:	2450006f          	j	10df0 <__register_exitproc>

000103b0 <std>:
   103b0:	ff010113          	addi	sp,sp,-16
   103b4:	00812423          	sw	s0,8(sp)
   103b8:	00112623          	sw	ra,12(sp)
   103bc:	00050413          	mv	s0,a0
   103c0:	00b51623          	sh	a1,12(a0)
   103c4:	00c51723          	sh	a2,14(a0)
   103c8:	00052023          	sw	zero,0(a0)
   103cc:	00052223          	sw	zero,4(a0)
   103d0:	00052423          	sw	zero,8(a0)
   103d4:	06052223          	sw	zero,100(a0)
   103d8:	00052823          	sw	zero,16(a0)
   103dc:	00052a23          	sw	zero,20(a0)
   103e0:	00052c23          	sw	zero,24(a0)
   103e4:	00800613          	li	a2,8
   103e8:	00000593          	li	a1,0
   103ec:	05c50513          	addi	a0,a0,92
   103f0:	1c1000ef          	jal	10db0 <memset>
   103f4:	00000797          	auipc	a5,0x0
   103f8:	4d478793          	addi	a5,a5,1236 # 108c8 <__sread>
   103fc:	02f42223          	sw	a5,36(s0)
   10400:	00000797          	auipc	a5,0x0
   10404:	52078793          	addi	a5,a5,1312 # 10920 <__swrite>
   10408:	02f42423          	sw	a5,40(s0)
   1040c:	00000797          	auipc	a5,0x0
   10410:	59878793          	addi	a5,a5,1432 # 109a4 <__sseek>
   10414:	02f42623          	sw	a5,44(s0)
   10418:	00000797          	auipc	a5,0x0
   1041c:	5e478793          	addi	a5,a5,1508 # 109fc <__sclose>
   10420:	02f42823          	sw	a5,48(s0)
   10424:	00004717          	auipc	a4,0x4
   10428:	95070713          	addi	a4,a4,-1712 # 13d74 <__sf>
   1042c:	92418793          	addi	a5,gp,-1756 # 13ddc <__sf+0x68>
   10430:	40f407b3          	sub	a5,s0,a5
   10434:	40e40733          	sub	a4,s0,a4
   10438:	0017b793          	seqz	a5,a5
   1043c:	00173713          	seqz	a4,a4
   10440:	02842023          	sw	s0,32(s0)
   10444:	00e7e7b3          	or	a5,a5,a4
   10448:	00079663          	bnez	a5,10454 <std+0xa4>
   1044c:	98c18793          	addi	a5,gp,-1652 # 13e44 <__sf+0xd0>
   10450:	00f41c63          	bne	s0,a5,10468 <std+0xb8>
   10454:	05840513          	addi	a0,s0,88
   10458:	00812403          	lw	s0,8(sp)
   1045c:	00c12083          	lw	ra,12(sp)
   10460:	01010113          	addi	sp,sp,16
   10464:	1210006f          	j	10d84 <__retarget_lock_init_recursive>
   10468:	00c12083          	lw	ra,12(sp)
   1046c:	00812403          	lw	s0,8(sp)
   10470:	01010113          	addi	sp,sp,16
   10474:	00008067          	ret

00010478 <stdio_exit_handler>:
   10478:	00004617          	auipc	a2,0x4
   1047c:	84060613          	addi	a2,a2,-1984 # 13cb8 <__sglue>
   10480:	00002597          	auipc	a1,0x2
   10484:	b1c58593          	addi	a1,a1,-1252 # 11f9c <_fflush_r>
   10488:	00004517          	auipc	a0,0x4
   1048c:	83c50513          	addi	a0,a0,-1988 # 13cc4 <_impure_data>
   10490:	3040006f          	j	10794 <_fwalk_sglue>

00010494 <cleanup_stdio>:
   10494:	00452583          	lw	a1,4(a0)
   10498:	ff010113          	addi	sp,sp,-16
   1049c:	00812423          	sw	s0,8(sp)
   104a0:	00112623          	sw	ra,12(sp)
   104a4:	00004797          	auipc	a5,0x4
   104a8:	8d078793          	addi	a5,a5,-1840 # 13d74 <__sf>
   104ac:	00050413          	mv	s0,a0
   104b0:	00f58463          	beq	a1,a5,104b8 <cleanup_stdio+0x24>
   104b4:	2e9010ef          	jal	11f9c <_fflush_r>
   104b8:	00842583          	lw	a1,8(s0)
   104bc:	92418793          	addi	a5,gp,-1756 # 13ddc <__sf+0x68>
   104c0:	00f58663          	beq	a1,a5,104cc <cleanup_stdio+0x38>
   104c4:	00040513          	mv	a0,s0
   104c8:	2d5010ef          	jal	11f9c <_fflush_r>
   104cc:	00c42583          	lw	a1,12(s0)
   104d0:	98c18793          	addi	a5,gp,-1652 # 13e44 <__sf+0xd0>
   104d4:	00f58c63          	beq	a1,a5,104ec <cleanup_stdio+0x58>
   104d8:	00040513          	mv	a0,s0
   104dc:	00812403          	lw	s0,8(sp)
   104e0:	00c12083          	lw	ra,12(sp)
   104e4:	01010113          	addi	sp,sp,16
   104e8:	2b50106f          	j	11f9c <_fflush_r>
   104ec:	00c12083          	lw	ra,12(sp)
   104f0:	00812403          	lw	s0,8(sp)
   104f4:	01010113          	addi	sp,sp,16
   104f8:	00008067          	ret

000104fc <__fp_lock>:
   104fc:	0645a783          	lw	a5,100(a1)
   10500:	0017f793          	andi	a5,a5,1
   10504:	02079863          	bnez	a5,10534 <__fp_lock+0x38>
   10508:	00c5d783          	lhu	a5,12(a1)
   1050c:	2007f793          	andi	a5,a5,512
   10510:	02079263          	bnez	a5,10534 <__fp_lock+0x38>
   10514:	0585a503          	lw	a0,88(a1)
   10518:	ff010113          	addi	sp,sp,-16
   1051c:	00112623          	sw	ra,12(sp)
   10520:	075000ef          	jal	10d94 <__retarget_lock_acquire_recursive>
   10524:	00c12083          	lw	ra,12(sp)
   10528:	00000513          	li	a0,0
   1052c:	01010113          	addi	sp,sp,16
   10530:	00008067          	ret
   10534:	00000513          	li	a0,0
   10538:	00008067          	ret

0001053c <__fp_unlock>:
   1053c:	0645a783          	lw	a5,100(a1)
   10540:	0017f793          	andi	a5,a5,1
   10544:	02079863          	bnez	a5,10574 <__fp_unlock+0x38>
   10548:	00c5d783          	lhu	a5,12(a1)
   1054c:	2007f793          	andi	a5,a5,512
   10550:	02079263          	bnez	a5,10574 <__fp_unlock+0x38>
   10554:	0585a503          	lw	a0,88(a1)
   10558:	ff010113          	addi	sp,sp,-16
   1055c:	00112623          	sw	ra,12(sp)
   10560:	04d000ef          	jal	10dac <__retarget_lock_release_recursive>
   10564:	00c12083          	lw	ra,12(sp)
   10568:	00000513          	li	a0,0
   1056c:	01010113          	addi	sp,sp,16
   10570:	00008067          	ret
   10574:	00000513          	li	a0,0
   10578:	00008067          	ret

0001057c <global_stdio_init.part.0>:
   1057c:	ff010113          	addi	sp,sp,-16
   10580:	00000797          	auipc	a5,0x0
   10584:	ef878793          	addi	a5,a5,-264 # 10478 <stdio_exit_handler>
   10588:	00000613          	li	a2,0
   1058c:	00400593          	li	a1,4
   10590:	00003517          	auipc	a0,0x3
   10594:	7e450513          	addi	a0,a0,2020 # 13d74 <__sf>
   10598:	00112623          	sw	ra,12(sp)
   1059c:	86f1a623          	sw	a5,-1940(gp) # 13d24 <__stdio_exit_handler>
   105a0:	e11ff0ef          	jal	103b0 <std>
   105a4:	00100613          	li	a2,1
   105a8:	00900593          	li	a1,9
   105ac:	92418513          	addi	a0,gp,-1756 # 13ddc <__sf+0x68>
   105b0:	e01ff0ef          	jal	103b0 <std>
   105b4:	00c12083          	lw	ra,12(sp)
   105b8:	00200613          	li	a2,2
   105bc:	01200593          	li	a1,18
   105c0:	98c18513          	addi	a0,gp,-1652 # 13e44 <__sf+0xd0>
   105c4:	01010113          	addi	sp,sp,16
   105c8:	de9ff06f          	j	103b0 <std>

000105cc <__sfp_lock_acquire>:
   105cc:	89018513          	addi	a0,gp,-1904 # 13d48 <__lock___sfp_recursive_mutex>
   105d0:	7c40006f          	j	10d94 <__retarget_lock_acquire_recursive>

000105d4 <__sfp_lock_release>:
   105d4:	89018513          	addi	a0,gp,-1904 # 13d48 <__lock___sfp_recursive_mutex>
   105d8:	7d40006f          	j	10dac <__retarget_lock_release_recursive>

000105dc <__sfp>:
   105dc:	ff010113          	addi	sp,sp,-16
   105e0:	01212023          	sw	s2,0(sp)
   105e4:	00112623          	sw	ra,12(sp)
   105e8:	00812423          	sw	s0,8(sp)
   105ec:	00912223          	sw	s1,4(sp)
   105f0:	00050913          	mv	s2,a0
   105f4:	fd9ff0ef          	jal	105cc <__sfp_lock_acquire>
   105f8:	86c1a783          	lw	a5,-1940(gp) # 13d24 <__stdio_exit_handler>
   105fc:	00079463          	bnez	a5,10604 <__sfp+0x28>
   10600:	f7dff0ef          	jal	1057c <global_stdio_init.part.0>
   10604:	00003497          	auipc	s1,0x3
   10608:	6b448493          	addi	s1,s1,1716 # 13cb8 <__sglue>
   1060c:	0084a403          	lw	s0,8(s1)
   10610:	0044a783          	lw	a5,4(s1)
   10614:	fff78793          	addi	a5,a5,-1
   10618:	0207da63          	bgez	a5,1064c <__sfp+0x70>
   1061c:	0004a403          	lw	s0,0(s1)
   10620:	0c041863          	bnez	s0,106f0 <__sfp+0x114>
   10624:	1ac00593          	li	a1,428
   10628:	00090513          	mv	a0,s2
   1062c:	375000ef          	jal	111a0 <_malloc_r>
   10630:	00050413          	mv	s0,a0
   10634:	08051c63          	bnez	a0,106cc <__sfp+0xf0>
   10638:	0004a023          	sw	zero,0(s1)
   1063c:	f99ff0ef          	jal	105d4 <__sfp_lock_release>
   10640:	00c00793          	li	a5,12
   10644:	00f92023          	sw	a5,0(s2)
   10648:	0600006f          	j	106a8 <__sfp+0xcc>
   1064c:	00c41703          	lh	a4,12(s0)
   10650:	06071a63          	bnez	a4,106c4 <__sfp+0xe8>
   10654:	ffff07b7          	lui	a5,0xffff0
   10658:	00178793          	addi	a5,a5,1 # ffff0001 <__global_pointer$+0xfffdbb49>
   1065c:	00f42623          	sw	a5,12(s0)
   10660:	05840513          	addi	a0,s0,88
   10664:	06042223          	sw	zero,100(s0)
   10668:	71c000ef          	jal	10d84 <__retarget_lock_init_recursive>
   1066c:	f69ff0ef          	jal	105d4 <__sfp_lock_release>
   10670:	00800613          	li	a2,8
   10674:	00042023          	sw	zero,0(s0)
   10678:	00042423          	sw	zero,8(s0)
   1067c:	00042223          	sw	zero,4(s0)
   10680:	00042823          	sw	zero,16(s0)
   10684:	00042a23          	sw	zero,20(s0)
   10688:	00042c23          	sw	zero,24(s0)
   1068c:	00000593          	li	a1,0
   10690:	05c40513          	addi	a0,s0,92
   10694:	71c000ef          	jal	10db0 <memset>
   10698:	02042a23          	sw	zero,52(s0)
   1069c:	02042c23          	sw	zero,56(s0)
   106a0:	04042423          	sw	zero,72(s0)
   106a4:	04042623          	sw	zero,76(s0)
   106a8:	00c12083          	lw	ra,12(sp)
   106ac:	00040513          	mv	a0,s0
   106b0:	00812403          	lw	s0,8(sp)
   106b4:	00412483          	lw	s1,4(sp)
   106b8:	00012903          	lw	s2,0(sp)
   106bc:	01010113          	addi	sp,sp,16
   106c0:	00008067          	ret
   106c4:	06840413          	addi	s0,s0,104
   106c8:	f4dff06f          	j	10614 <__sfp+0x38>
   106cc:	00400793          	li	a5,4
   106d0:	00052023          	sw	zero,0(a0)
   106d4:	00f52223          	sw	a5,4(a0)
   106d8:	00c50513          	addi	a0,a0,12
   106dc:	00a42423          	sw	a0,8(s0)
   106e0:	1a000613          	li	a2,416
   106e4:	00000593          	li	a1,0
   106e8:	6c8000ef          	jal	10db0 <memset>
   106ec:	0084a023          	sw	s0,0(s1)
   106f0:	00040493          	mv	s1,s0
   106f4:	f19ff06f          	j	1060c <__sfp+0x30>

000106f8 <__sinit>:
   106f8:	fe010113          	addi	sp,sp,-32
   106fc:	00a12623          	sw	a0,12(sp)
   10700:	00112e23          	sw	ra,28(sp)
   10704:	ec9ff0ef          	jal	105cc <__sfp_lock_acquire>
   10708:	00c12503          	lw	a0,12(sp)
   1070c:	02052783          	lw	a5,32(a0)
   10710:	00078863          	beqz	a5,10720 <__sinit+0x28>
   10714:	01c12083          	lw	ra,28(sp)
   10718:	02010113          	addi	sp,sp,32
   1071c:	eb9ff06f          	j	105d4 <__sfp_lock_release>
   10720:	00000797          	auipc	a5,0x0
   10724:	d7478793          	addi	a5,a5,-652 # 10494 <cleanup_stdio>
   10728:	02f52023          	sw	a5,32(a0)
   1072c:	86c1a783          	lw	a5,-1940(gp) # 13d24 <__stdio_exit_handler>
   10730:	fe0792e3          	bnez	a5,10714 <__sinit+0x1c>
   10734:	e49ff0ef          	jal	1057c <global_stdio_init.part.0>
   10738:	fddff06f          	j	10714 <__sinit+0x1c>

0001073c <__fp_lock_all>:
   1073c:	ff010113          	addi	sp,sp,-16
   10740:	00112623          	sw	ra,12(sp)
   10744:	e89ff0ef          	jal	105cc <__sfp_lock_acquire>
   10748:	00c12083          	lw	ra,12(sp)
   1074c:	00003617          	auipc	a2,0x3
   10750:	56c60613          	addi	a2,a2,1388 # 13cb8 <__sglue>
   10754:	00000597          	auipc	a1,0x0
   10758:	da858593          	addi	a1,a1,-600 # 104fc <__fp_lock>
   1075c:	00000513          	li	a0,0
   10760:	01010113          	addi	sp,sp,16
   10764:	0300006f          	j	10794 <_fwalk_sglue>

00010768 <__fp_unlock_all>:
   10768:	ff010113          	addi	sp,sp,-16
   1076c:	00003617          	auipc	a2,0x3
   10770:	54c60613          	addi	a2,a2,1356 # 13cb8 <__sglue>
   10774:	00000597          	auipc	a1,0x0
   10778:	dc858593          	addi	a1,a1,-568 # 1053c <__fp_unlock>
   1077c:	00000513          	li	a0,0
   10780:	00112623          	sw	ra,12(sp)
   10784:	010000ef          	jal	10794 <_fwalk_sglue>
   10788:	00c12083          	lw	ra,12(sp)
   1078c:	01010113          	addi	sp,sp,16
   10790:	e45ff06f          	j	105d4 <__sfp_lock_release>

00010794 <_fwalk_sglue>:
   10794:	fd010113          	addi	sp,sp,-48
   10798:	02812423          	sw	s0,40(sp)
   1079c:	03212023          	sw	s2,32(sp)
   107a0:	01312e23          	sw	s3,28(sp)
   107a4:	01412c23          	sw	s4,24(sp)
   107a8:	01512a23          	sw	s5,20(sp)
   107ac:	02112623          	sw	ra,44(sp)
   107b0:	02912223          	sw	s1,36(sp)
   107b4:	00050a13          	mv	s4,a0
   107b8:	00058a93          	mv	s5,a1
   107bc:	00000413          	li	s0,0
   107c0:	00100913          	li	s2,1
   107c4:	fff00993          	li	s3,-1
   107c8:	00862583          	lw	a1,8(a2)
   107cc:	00462483          	lw	s1,4(a2)
   107d0:	fff48493          	addi	s1,s1,-1
   107d4:	0204da63          	bgez	s1,10808 <_fwalk_sglue+0x74>
   107d8:	00062603          	lw	a2,0(a2)
   107dc:	fe0616e3          	bnez	a2,107c8 <_fwalk_sglue+0x34>
   107e0:	02c12083          	lw	ra,44(sp)
   107e4:	00040513          	mv	a0,s0
   107e8:	02812403          	lw	s0,40(sp)
   107ec:	02412483          	lw	s1,36(sp)
   107f0:	02012903          	lw	s2,32(sp)
   107f4:	01c12983          	lw	s3,28(sp)
   107f8:	01812a03          	lw	s4,24(sp)
   107fc:	01412a83          	lw	s5,20(sp)
   10800:	03010113          	addi	sp,sp,48
   10804:	00008067          	ret
   10808:	00c5d783          	lhu	a5,12(a1)
   1080c:	02f97463          	bgeu	s2,a5,10834 <_fwalk_sglue+0xa0>
   10810:	00e59783          	lh	a5,14(a1)
   10814:	03378063          	beq	a5,s3,10834 <_fwalk_sglue+0xa0>
   10818:	000a0513          	mv	a0,s4
   1081c:	00c12623          	sw	a2,12(sp)
   10820:	00b12423          	sw	a1,8(sp)
   10824:	000a80e7          	jalr	s5
   10828:	00c12603          	lw	a2,12(sp)
   1082c:	00812583          	lw	a1,8(sp)
   10830:	00a46433          	or	s0,s0,a0
   10834:	06858593          	addi	a1,a1,104
   10838:	f99ff06f          	j	107d0 <_fwalk_sglue+0x3c>

0001083c <_iprintf_r>:
   1083c:	fc010113          	addi	sp,sp,-64
   10840:	02c12423          	sw	a2,40(sp)
   10844:	02d12623          	sw	a3,44(sp)
   10848:	02e12823          	sw	a4,48(sp)
   1084c:	02f12a23          	sw	a5,52(sp)
   10850:	03012c23          	sw	a6,56(sp)
   10854:	03112e23          	sw	a7,60(sp)
   10858:	00058613          	mv	a2,a1
   1085c:	00852583          	lw	a1,8(a0)
   10860:	02810693          	addi	a3,sp,40
   10864:	00112e23          	sw	ra,28(sp)
   10868:	00d12623          	sw	a3,12(sp)
   1086c:	3f1000ef          	jal	1145c <_vfiprintf_r>
   10870:	01c12083          	lw	ra,28(sp)
   10874:	04010113          	addi	sp,sp,64
   10878:	00008067          	ret

0001087c <iprintf>:
   1087c:	fc010113          	addi	sp,sp,-64
   10880:	02f12a23          	sw	a5,52(sp)
   10884:	85c1a783          	lw	a5,-1956(gp) # 13d14 <_impure_ptr>
   10888:	02c12423          	sw	a2,40(sp)
   1088c:	02d12623          	sw	a3,44(sp)
   10890:	02b12223          	sw	a1,36(sp)
   10894:	02e12823          	sw	a4,48(sp)
   10898:	03012c23          	sw	a6,56(sp)
   1089c:	03112e23          	sw	a7,60(sp)
   108a0:	0087a583          	lw	a1,8(a5)
   108a4:	02410693          	addi	a3,sp,36
   108a8:	00050613          	mv	a2,a0
   108ac:	00078513          	mv	a0,a5
   108b0:	00112e23          	sw	ra,28(sp)
   108b4:	00d12623          	sw	a3,12(sp)
   108b8:	3a5000ef          	jal	1145c <_vfiprintf_r>
   108bc:	01c12083          	lw	ra,28(sp)
   108c0:	04010113          	addi	sp,sp,64
   108c4:	00008067          	ret

000108c8 <__sread>:
   108c8:	ff010113          	addi	sp,sp,-16
   108cc:	00812423          	sw	s0,8(sp)
   108d0:	00058413          	mv	s0,a1
   108d4:	00e59583          	lh	a1,14(a1)
   108d8:	00112623          	sw	ra,12(sp)
   108dc:	328000ef          	jal	10c04 <_read_r>
   108e0:	02054063          	bltz	a0,10900 <__sread+0x38>
   108e4:	05442783          	lw	a5,84(s0)
   108e8:	00a787b3          	add	a5,a5,a0
   108ec:	04f42a23          	sw	a5,84(s0)
   108f0:	00c12083          	lw	ra,12(sp)
   108f4:	00812403          	lw	s0,8(sp)
   108f8:	01010113          	addi	sp,sp,16
   108fc:	00008067          	ret
   10900:	00c45783          	lhu	a5,12(s0)
   10904:	fffff737          	lui	a4,0xfffff
   10908:	fff70713          	addi	a4,a4,-1 # ffffefff <__global_pointer$+0xfffeab47>
   1090c:	00e7f7b3          	and	a5,a5,a4
   10910:	00f41623          	sh	a5,12(s0)
   10914:	fddff06f          	j	108f0 <__sread+0x28>

00010918 <__seofread>:
   10918:	00000513          	li	a0,0
   1091c:	00008067          	ret

00010920 <__swrite>:
   10920:	00c5d783          	lhu	a5,12(a1)
   10924:	fe010113          	addi	sp,sp,-32
   10928:	00812c23          	sw	s0,24(sp)
   1092c:	00912a23          	sw	s1,20(sp)
   10930:	01212823          	sw	s2,16(sp)
   10934:	01312623          	sw	s3,12(sp)
   10938:	00112e23          	sw	ra,28(sp)
   1093c:	1007f793          	andi	a5,a5,256
   10940:	00050493          	mv	s1,a0
   10944:	00058413          	mv	s0,a1
   10948:	00060913          	mv	s2,a2
   1094c:	00068993          	mv	s3,a3
   10950:	00078a63          	beqz	a5,10964 <__swrite+0x44>
   10954:	00e59583          	lh	a1,14(a1)
   10958:	00200693          	li	a3,2
   1095c:	00000613          	li	a2,0
   10960:	25c000ef          	jal	10bbc <_lseek_r>
   10964:	00c45783          	lhu	a5,12(s0)
   10968:	fffff737          	lui	a4,0xfffff
   1096c:	fff70713          	addi	a4,a4,-1 # ffffefff <__global_pointer$+0xfffeab47>
   10970:	00e7f7b3          	and	a5,a5,a4
   10974:	00e41583          	lh	a1,14(s0)
   10978:	00f41623          	sh	a5,12(s0)
   1097c:	01812403          	lw	s0,24(sp)
   10980:	01c12083          	lw	ra,28(sp)
   10984:	00098693          	mv	a3,s3
   10988:	00090613          	mv	a2,s2
   1098c:	00c12983          	lw	s3,12(sp)
   10990:	01012903          	lw	s2,16(sp)
   10994:	00048513          	mv	a0,s1
   10998:	01412483          	lw	s1,20(sp)
   1099c:	02010113          	addi	sp,sp,32
   109a0:	2ac0006f          	j	10c4c <_write_r>

000109a4 <__sseek>:
   109a4:	ff010113          	addi	sp,sp,-16
   109a8:	00812423          	sw	s0,8(sp)
   109ac:	00058413          	mv	s0,a1
   109b0:	00e59583          	lh	a1,14(a1)
   109b4:	00112623          	sw	ra,12(sp)
   109b8:	204000ef          	jal	10bbc <_lseek_r>
   109bc:	fff00713          	li	a4,-1
   109c0:	00c41783          	lh	a5,12(s0)
   109c4:	02e51263          	bne	a0,a4,109e8 <__sseek+0x44>
   109c8:	80050713          	addi	a4,a0,-2048
   109cc:	80070713          	addi	a4,a4,-2048
   109d0:	00e7f7b3          	and	a5,a5,a4
   109d4:	00f41623          	sh	a5,12(s0)
   109d8:	00c12083          	lw	ra,12(sp)
   109dc:	00812403          	lw	s0,8(sp)
   109e0:	01010113          	addi	sp,sp,16
   109e4:	00008067          	ret
   109e8:	00001737          	lui	a4,0x1
   109ec:	00e7e7b3          	or	a5,a5,a4
   109f0:	00f41623          	sh	a5,12(s0)
   109f4:	04a42a23          	sw	a0,84(s0)
   109f8:	fe1ff06f          	j	109d8 <__sseek+0x34>

000109fc <__sclose>:
   109fc:	00e59583          	lh	a1,14(a1)
   10a00:	0040006f          	j	10a04 <_close_r>

00010a04 <_close_r>:
   10a04:	ff010113          	addi	sp,sp,-16
   10a08:	00812423          	sw	s0,8(sp)
   10a0c:	00050413          	mv	s0,a0
   10a10:	00058513          	mv	a0,a1
   10a14:	8601a823          	sw	zero,-1936(gp) # 13d28 <errno>
   10a18:	00112623          	sw	ra,12(sp)
   10a1c:	0d4020ef          	jal	12af0 <_close>
   10a20:	fff00793          	li	a5,-1
   10a24:	00f51863          	bne	a0,a5,10a34 <_close_r+0x30>
   10a28:	8701a783          	lw	a5,-1936(gp) # 13d28 <errno>
   10a2c:	00078463          	beqz	a5,10a34 <_close_r+0x30>
   10a30:	00f42023          	sw	a5,0(s0)
   10a34:	00c12083          	lw	ra,12(sp)
   10a38:	00812403          	lw	s0,8(sp)
   10a3c:	01010113          	addi	sp,sp,16
   10a40:	00008067          	ret

00010a44 <_reclaim_reent>:
   10a44:	85c1a783          	lw	a5,-1956(gp) # 13d14 <_impure_ptr>
   10a48:	16a78863          	beq	a5,a0,10bb8 <_reclaim_reent+0x174>
   10a4c:	01c52783          	lw	a5,28(a0)
   10a50:	fe010113          	addi	sp,sp,-32
   10a54:	00812c23          	sw	s0,24(sp)
   10a58:	00112e23          	sw	ra,28(sp)
   10a5c:	00912a23          	sw	s1,20(sp)
   10a60:	01212823          	sw	s2,16(sp)
   10a64:	01312623          	sw	s3,12(sp)
   10a68:	00050413          	mv	s0,a0
   10a6c:	08078463          	beqz	a5,10af4 <_reclaim_reent+0xb0>
   10a70:	00c7a783          	lw	a5,12(a5)
   10a74:	02078c63          	beqz	a5,10aac <_reclaim_reent+0x68>
   10a78:	00000493          	li	s1,0
   10a7c:	08000913          	li	s2,128
   10a80:	01c42783          	lw	a5,28(s0)
   10a84:	00c7a783          	lw	a5,12(a5)
   10a88:	009787b3          	add	a5,a5,s1
   10a8c:	0007a583          	lw	a1,0(a5)
   10a90:	04059863          	bnez	a1,10ae0 <_reclaim_reent+0x9c>
   10a94:	00448493          	addi	s1,s1,4
   10a98:	ff2494e3          	bne	s1,s2,10a80 <_reclaim_reent+0x3c>
   10a9c:	01c42783          	lw	a5,28(s0)
   10aa0:	00040513          	mv	a0,s0
   10aa4:	00c7a583          	lw	a1,12(a5)
   10aa8:	57c000ef          	jal	11024 <_free_r>
   10aac:	01c42783          	lw	a5,28(s0)
   10ab0:	0007a583          	lw	a1,0(a5)
   10ab4:	00058663          	beqz	a1,10ac0 <_reclaim_reent+0x7c>
   10ab8:	00040513          	mv	a0,s0
   10abc:	568000ef          	jal	11024 <_free_r>
   10ac0:	01c42783          	lw	a5,28(s0)
   10ac4:	0087a483          	lw	s1,8(a5)
   10ac8:	02048663          	beqz	s1,10af4 <_reclaim_reent+0xb0>
   10acc:	00048593          	mv	a1,s1
   10ad0:	00040513          	mv	a0,s0
   10ad4:	0004a483          	lw	s1,0(s1)
   10ad8:	54c000ef          	jal	11024 <_free_r>
   10adc:	fedff06f          	j	10ac8 <_reclaim_reent+0x84>
   10ae0:	0005a983          	lw	s3,0(a1)
   10ae4:	00040513          	mv	a0,s0
   10ae8:	53c000ef          	jal	11024 <_free_r>
   10aec:	00098593          	mv	a1,s3
   10af0:	fa1ff06f          	j	10a90 <_reclaim_reent+0x4c>
   10af4:	01442583          	lw	a1,20(s0)
   10af8:	00058663          	beqz	a1,10b04 <_reclaim_reent+0xc0>
   10afc:	00040513          	mv	a0,s0
   10b00:	524000ef          	jal	11024 <_free_r>
   10b04:	01c42583          	lw	a1,28(s0)
   10b08:	00058663          	beqz	a1,10b14 <_reclaim_reent+0xd0>
   10b0c:	00040513          	mv	a0,s0
   10b10:	514000ef          	jal	11024 <_free_r>
   10b14:	03042583          	lw	a1,48(s0)
   10b18:	00058663          	beqz	a1,10b24 <_reclaim_reent+0xe0>
   10b1c:	00040513          	mv	a0,s0
   10b20:	504000ef          	jal	11024 <_free_r>
   10b24:	03442583          	lw	a1,52(s0)
   10b28:	00058663          	beqz	a1,10b34 <_reclaim_reent+0xf0>
   10b2c:	00040513          	mv	a0,s0
   10b30:	4f4000ef          	jal	11024 <_free_r>
   10b34:	03842583          	lw	a1,56(s0)
   10b38:	00058663          	beqz	a1,10b44 <_reclaim_reent+0x100>
   10b3c:	00040513          	mv	a0,s0
   10b40:	4e4000ef          	jal	11024 <_free_r>
   10b44:	04842583          	lw	a1,72(s0)
   10b48:	00058663          	beqz	a1,10b54 <_reclaim_reent+0x110>
   10b4c:	00040513          	mv	a0,s0
   10b50:	4d4000ef          	jal	11024 <_free_r>
   10b54:	04442583          	lw	a1,68(s0)
   10b58:	00058663          	beqz	a1,10b64 <_reclaim_reent+0x120>
   10b5c:	00040513          	mv	a0,s0
   10b60:	4c4000ef          	jal	11024 <_free_r>
   10b64:	02c42583          	lw	a1,44(s0)
   10b68:	00058663          	beqz	a1,10b74 <_reclaim_reent+0x130>
   10b6c:	00040513          	mv	a0,s0
   10b70:	4b4000ef          	jal	11024 <_free_r>
   10b74:	02042783          	lw	a5,32(s0)
   10b78:	02078263          	beqz	a5,10b9c <_reclaim_reent+0x158>
   10b7c:	00040513          	mv	a0,s0
   10b80:	01812403          	lw	s0,24(sp)
   10b84:	01c12083          	lw	ra,28(sp)
   10b88:	01412483          	lw	s1,20(sp)
   10b8c:	01012903          	lw	s2,16(sp)
   10b90:	00c12983          	lw	s3,12(sp)
   10b94:	02010113          	addi	sp,sp,32
   10b98:	00078067          	jr	a5
   10b9c:	01c12083          	lw	ra,28(sp)
   10ba0:	01812403          	lw	s0,24(sp)
   10ba4:	01412483          	lw	s1,20(sp)
   10ba8:	01012903          	lw	s2,16(sp)
   10bac:	00c12983          	lw	s3,12(sp)
   10bb0:	02010113          	addi	sp,sp,32
   10bb4:	00008067          	ret
   10bb8:	00008067          	ret

00010bbc <_lseek_r>:
   10bbc:	ff010113          	addi	sp,sp,-16
   10bc0:	00812423          	sw	s0,8(sp)
   10bc4:	00050413          	mv	s0,a0
   10bc8:	00058513          	mv	a0,a1
   10bcc:	00060593          	mv	a1,a2
   10bd0:	00068613          	mv	a2,a3
   10bd4:	8601a823          	sw	zero,-1936(gp) # 13d28 <errno>
   10bd8:	00112623          	sw	ra,12(sp)
   10bdc:	745010ef          	jal	12b20 <_lseek>
   10be0:	fff00793          	li	a5,-1
   10be4:	00f51863          	bne	a0,a5,10bf4 <_lseek_r+0x38>
   10be8:	8701a783          	lw	a5,-1936(gp) # 13d28 <errno>
   10bec:	00078463          	beqz	a5,10bf4 <_lseek_r+0x38>
   10bf0:	00f42023          	sw	a5,0(s0)
   10bf4:	00c12083          	lw	ra,12(sp)
   10bf8:	00812403          	lw	s0,8(sp)
   10bfc:	01010113          	addi	sp,sp,16
   10c00:	00008067          	ret

00010c04 <_read_r>:
   10c04:	ff010113          	addi	sp,sp,-16
   10c08:	00812423          	sw	s0,8(sp)
   10c0c:	00050413          	mv	s0,a0
   10c10:	00058513          	mv	a0,a1
   10c14:	00060593          	mv	a1,a2
   10c18:	00068613          	mv	a2,a3
   10c1c:	8601a823          	sw	zero,-1936(gp) # 13d28 <errno>
   10c20:	00112623          	sw	ra,12(sp)
   10c24:	70d010ef          	jal	12b30 <_read>
   10c28:	fff00793          	li	a5,-1
   10c2c:	00f51863          	bne	a0,a5,10c3c <_read_r+0x38>
   10c30:	8701a783          	lw	a5,-1936(gp) # 13d28 <errno>
   10c34:	00078463          	beqz	a5,10c3c <_read_r+0x38>
   10c38:	00f42023          	sw	a5,0(s0)
   10c3c:	00c12083          	lw	ra,12(sp)
   10c40:	00812403          	lw	s0,8(sp)
   10c44:	01010113          	addi	sp,sp,16
   10c48:	00008067          	ret

00010c4c <_write_r>:
   10c4c:	ff010113          	addi	sp,sp,-16
   10c50:	00812423          	sw	s0,8(sp)
   10c54:	00050413          	mv	s0,a0
   10c58:	00058513          	mv	a0,a1
   10c5c:	00060593          	mv	a1,a2
   10c60:	00068613          	mv	a2,a3
   10c64:	8601a823          	sw	zero,-1936(gp) # 13d28 <errno>
   10c68:	00112623          	sw	ra,12(sp)
   10c6c:	705010ef          	jal	12b70 <_write>
   10c70:	fff00793          	li	a5,-1
   10c74:	00f51863          	bne	a0,a5,10c84 <_write_r+0x38>
   10c78:	8701a783          	lw	a5,-1936(gp) # 13d28 <errno>
   10c7c:	00078463          	beqz	a5,10c84 <_write_r+0x38>
   10c80:	00f42023          	sw	a5,0(s0)
   10c84:	00c12083          	lw	ra,12(sp)
   10c88:	00812403          	lw	s0,8(sp)
   10c8c:	01010113          	addi	sp,sp,16
   10c90:	00008067          	ret

00010c94 <__libc_init_array>:
   10c94:	ff010113          	addi	sp,sp,-16
   10c98:	00812423          	sw	s0,8(sp)
   10c9c:	00912223          	sw	s1,4(sp)
   10ca0:	00003417          	auipc	s0,0x3
   10ca4:	01040413          	addi	s0,s0,16 # 13cb0 <__frame_dummy_init_array_entry>
   10ca8:	00003497          	auipc	s1,0x3
   10cac:	00848493          	addi	s1,s1,8 # 13cb0 <__frame_dummy_init_array_entry>
   10cb0:	408484b3          	sub	s1,s1,s0
   10cb4:	01212023          	sw	s2,0(sp)
   10cb8:	00112623          	sw	ra,12(sp)
   10cbc:	4024d493          	srai	s1,s1,0x2
   10cc0:	00000913          	li	s2,0
   10cc4:	02991e63          	bne	s2,s1,10d00 <__libc_init_array+0x6c>
   10cc8:	00003417          	auipc	s0,0x3
   10ccc:	fe840413          	addi	s0,s0,-24 # 13cb0 <__frame_dummy_init_array_entry>
   10cd0:	00003497          	auipc	s1,0x3
   10cd4:	fe448493          	addi	s1,s1,-28 # 13cb4 <__do_global_dtors_aux_fini_array_entry>
   10cd8:	408484b3          	sub	s1,s1,s0
   10cdc:	4024d493          	srai	s1,s1,0x2
   10ce0:	00000913          	li	s2,0
   10ce4:	02991863          	bne	s2,s1,10d14 <__libc_init_array+0x80>
   10ce8:	00c12083          	lw	ra,12(sp)
   10cec:	00812403          	lw	s0,8(sp)
   10cf0:	00412483          	lw	s1,4(sp)
   10cf4:	00012903          	lw	s2,0(sp)
   10cf8:	01010113          	addi	sp,sp,16
   10cfc:	00008067          	ret
   10d00:	00042783          	lw	a5,0(s0)
   10d04:	00190913          	addi	s2,s2,1
   10d08:	00440413          	addi	s0,s0,4
   10d0c:	000780e7          	jalr	a5
   10d10:	fb5ff06f          	j	10cc4 <__libc_init_array+0x30>
   10d14:	00042783          	lw	a5,0(s0)
   10d18:	00190913          	addi	s2,s2,1
   10d1c:	00440413          	addi	s0,s0,4
   10d20:	000780e7          	jalr	a5
   10d24:	fc1ff06f          	j	10ce4 <__libc_init_array+0x50>

00010d28 <__libc_fini_array>:
   10d28:	ff010113          	addi	sp,sp,-16
   10d2c:	00812423          	sw	s0,8(sp)
   10d30:	00912223          	sw	s1,4(sp)
   10d34:	00003417          	auipc	s0,0x3
   10d38:	f8440413          	addi	s0,s0,-124 # 13cb8 <__sglue>
   10d3c:	00003497          	auipc	s1,0x3
   10d40:	f7848493          	addi	s1,s1,-136 # 13cb4 <__do_global_dtors_aux_fini_array_entry>
   10d44:	40940433          	sub	s0,s0,s1
   10d48:	00112623          	sw	ra,12(sp)
   10d4c:	40245413          	srai	s0,s0,0x2
   10d50:	00041c63          	bnez	s0,10d68 <__libc_fini_array+0x40>
   10d54:	00c12083          	lw	ra,12(sp)
   10d58:	00812403          	lw	s0,8(sp)
   10d5c:	00412483          	lw	s1,4(sp)
   10d60:	01010113          	addi	sp,sp,16
   10d64:	00008067          	ret
   10d68:	fff40413          	addi	s0,s0,-1
   10d6c:	00241793          	slli	a5,s0,0x2
   10d70:	00f487b3          	add	a5,s1,a5
   10d74:	0007a783          	lw	a5,0(a5)
   10d78:	000780e7          	jalr	a5
   10d7c:	fd5ff06f          	j	10d50 <__libc_fini_array+0x28>

00010d80 <__retarget_lock_init>:
   10d80:	00008067          	ret

00010d84 <__retarget_lock_init_recursive>:
   10d84:	00008067          	ret

00010d88 <__retarget_lock_close>:
   10d88:	00008067          	ret

00010d8c <__retarget_lock_close_recursive>:
   10d8c:	00008067          	ret

00010d90 <__retarget_lock_acquire>:
   10d90:	00008067          	ret

00010d94 <__retarget_lock_acquire_recursive>:
   10d94:	00008067          	ret

00010d98 <__retarget_lock_try_acquire>:
   10d98:	00100513          	li	a0,1
   10d9c:	00008067          	ret

00010da0 <__retarget_lock_try_acquire_recursive>:
   10da0:	00100513          	li	a0,1
   10da4:	00008067          	ret

00010da8 <__retarget_lock_release>:
   10da8:	00008067          	ret

00010dac <__retarget_lock_release_recursive>:
   10dac:	00008067          	ret

00010db0 <memset>:
   10db0:	00050313          	mv	t1,a0
   10db4:	00060a63          	beqz	a2,10dc8 <memset+0x18>
   10db8:	00b30023          	sb	a1,0(t1) # 101a8 <frame_dummy+0x14>
   10dbc:	fff60613          	addi	a2,a2,-1
   10dc0:	00130313          	addi	t1,t1,1
   10dc4:	fe061ae3          	bnez	a2,10db8 <memset+0x8>
   10dc8:	00008067          	ret

00010dcc <memcpy>:
   10dcc:	00050313          	mv	t1,a0
   10dd0:	00060e63          	beqz	a2,10dec <memcpy+0x20>
   10dd4:	00058383          	lb	t2,0(a1)
   10dd8:	00730023          	sb	t2,0(t1)
   10ddc:	fff60613          	addi	a2,a2,-1
   10de0:	00130313          	addi	t1,t1,1
   10de4:	00158593          	addi	a1,a1,1
   10de8:	fe0616e3          	bnez	a2,10dd4 <memcpy+0x8>
   10dec:	00008067          	ret

00010df0 <__register_exitproc>:
   10df0:	fe010113          	addi	sp,sp,-32
   10df4:	00912a23          	sw	s1,20(sp)
   10df8:	86418493          	addi	s1,gp,-1948 # 13d1c <__atexit_recursive_mutex>
   10dfc:	00812c23          	sw	s0,24(sp)
   10e00:	00050413          	mv	s0,a0
   10e04:	0004a503          	lw	a0,0(s1)
   10e08:	00b12623          	sw	a1,12(sp)
   10e0c:	00c12423          	sw	a2,8(sp)
   10e10:	00d12223          	sw	a3,4(sp)
   10e14:	00112e23          	sw	ra,28(sp)
   10e18:	f7dff0ef          	jal	10d94 <__retarget_lock_acquire_recursive>
   10e1c:	8941a783          	lw	a5,-1900(gp) # 13d4c <__atexit>
   10e20:	00412683          	lw	a3,4(sp)
   10e24:	00812603          	lw	a2,8(sp)
   10e28:	00c12583          	lw	a1,12(sp)
   10e2c:	02079063          	bnez	a5,10e4c <__register_exitproc+0x5c>
   10e30:	9f418793          	addi	a5,gp,-1548 # 13eac <__atexit0>
   10e34:	88f1aa23          	sw	a5,-1900(gp) # 13d4c <__atexit>
   10e38:	00000713          	li	a4,0
   10e3c:	00070663          	beqz	a4,10e48 <__register_exitproc+0x58>
   10e40:	00072703          	lw	a4,0(a4) # 1000 <exit-0xf0b4>
   10e44:	08e7a423          	sw	a4,136(a5)
   10e48:	9f418793          	addi	a5,gp,-1548 # 13eac <__atexit0>
   10e4c:	0047a703          	lw	a4,4(a5)
   10e50:	01f00813          	li	a6,31
   10e54:	0004a503          	lw	a0,0(s1)
   10e58:	00e84863          	blt	a6,a4,10e68 <__register_exitproc+0x78>
   10e5c:	06040063          	beqz	s0,10ebc <__register_exitproc+0xcc>
   10e60:	0887a803          	lw	a6,136(a5)
   10e64:	02081063          	bnez	a6,10e84 <__register_exitproc+0x94>
   10e68:	f45ff0ef          	jal	10dac <__retarget_lock_release_recursive>
   10e6c:	fff00513          	li	a0,-1
   10e70:	01c12083          	lw	ra,28(sp)
   10e74:	01812403          	lw	s0,24(sp)
   10e78:	01412483          	lw	s1,20(sp)
   10e7c:	02010113          	addi	sp,sp,32
   10e80:	00008067          	ret
   10e84:	00271893          	slli	a7,a4,0x2
   10e88:	011808b3          	add	a7,a6,a7
   10e8c:	00c8a023          	sw	a2,0(a7)
   10e90:	10082303          	lw	t1,256(a6)
   10e94:	00100613          	li	a2,1
   10e98:	00e61633          	sll	a2,a2,a4
   10e9c:	00c36333          	or	t1,t1,a2
   10ea0:	10682023          	sw	t1,256(a6)
   10ea4:	08d8a023          	sw	a3,128(a7)
   10ea8:	00200693          	li	a3,2
   10eac:	00d41863          	bne	s0,a3,10ebc <__register_exitproc+0xcc>
   10eb0:	10482683          	lw	a3,260(a6)
   10eb4:	00c6e6b3          	or	a3,a3,a2
   10eb8:	10d82223          	sw	a3,260(a6)
   10ebc:	00170693          	addi	a3,a4,1
   10ec0:	00271713          	slli	a4,a4,0x2
   10ec4:	00d7a223          	sw	a3,4(a5)
   10ec8:	00e787b3          	add	a5,a5,a4
   10ecc:	00b7a423          	sw	a1,8(a5)
   10ed0:	eddff0ef          	jal	10dac <__retarget_lock_release_recursive>
   10ed4:	00000513          	li	a0,0
   10ed8:	f99ff06f          	j	10e70 <__register_exitproc+0x80>

00010edc <__call_exitprocs>:
   10edc:	fd010113          	addi	sp,sp,-48
   10ee0:	01512a23          	sw	s5,20(sp)
   10ee4:	86418a93          	addi	s5,gp,-1948 # 13d1c <__atexit_recursive_mutex>
   10ee8:	01a12023          	sw	s10,0(sp)
   10eec:	00050d13          	mv	s10,a0
   10ef0:	000aa503          	lw	a0,0(s5)
   10ef4:	01612823          	sw	s6,16(sp)
   10ef8:	01712623          	sw	s7,12(sp)
   10efc:	01812423          	sw	s8,8(sp)
   10f00:	02112623          	sw	ra,44(sp)
   10f04:	02812423          	sw	s0,40(sp)
   10f08:	02912223          	sw	s1,36(sp)
   10f0c:	03212023          	sw	s2,32(sp)
   10f10:	01312e23          	sw	s3,28(sp)
   10f14:	01412c23          	sw	s4,24(sp)
   10f18:	01912223          	sw	s9,4(sp)
   10f1c:	00058b93          	mv	s7,a1
   10f20:	89418b13          	addi	s6,gp,-1900 # 13d4c <__atexit>
   10f24:	e71ff0ef          	jal	10d94 <__retarget_lock_acquire_recursive>
   10f28:	00100c13          	li	s8,1
   10f2c:	000b2483          	lw	s1,0(s6)
   10f30:	04049063          	bnez	s1,10f70 <__call_exitprocs+0x94>
   10f34:	02812403          	lw	s0,40(sp)
   10f38:	000aa503          	lw	a0,0(s5)
   10f3c:	02c12083          	lw	ra,44(sp)
   10f40:	02412483          	lw	s1,36(sp)
   10f44:	02012903          	lw	s2,32(sp)
   10f48:	01c12983          	lw	s3,28(sp)
   10f4c:	01812a03          	lw	s4,24(sp)
   10f50:	01412a83          	lw	s5,20(sp)
   10f54:	01012b03          	lw	s6,16(sp)
   10f58:	00c12b83          	lw	s7,12(sp)
   10f5c:	00812c03          	lw	s8,8(sp)
   10f60:	00412c83          	lw	s9,4(sp)
   10f64:	00012d03          	lw	s10,0(sp)
   10f68:	03010113          	addi	sp,sp,48
   10f6c:	e41ff06f          	j	10dac <__retarget_lock_release_recursive>
   10f70:	0044a403          	lw	s0,4(s1)
   10f74:	0884a983          	lw	s3,136(s1)
   10f78:	fff40913          	addi	s2,s0,-1
   10f7c:	00241413          	slli	s0,s0,0x2
   10f80:	00898a33          	add	s4,s3,s0
   10f84:	00848433          	add	s0,s1,s0
   10f88:	fa0946e3          	bltz	s2,10f34 <__call_exitprocs+0x58>
   10f8c:	020b8063          	beqz	s7,10fac <__call_exitprocs+0xd0>
   10f90:	00099a63          	bnez	s3,10fa4 <__call_exitprocs+0xc8>
   10f94:	fff90913          	addi	s2,s2,-1
   10f98:	ffca0a13          	addi	s4,s4,-4
   10f9c:	ffc40413          	addi	s0,s0,-4
   10fa0:	fe9ff06f          	j	10f88 <__call_exitprocs+0xac>
   10fa4:	07ca2783          	lw	a5,124(s4)
   10fa8:	ff7796e3          	bne	a5,s7,10f94 <__call_exitprocs+0xb8>
   10fac:	0044a703          	lw	a4,4(s1)
   10fb0:	00442783          	lw	a5,4(s0)
   10fb4:	fff70713          	addi	a4,a4,-1
   10fb8:	03271e63          	bne	a4,s2,10ff4 <__call_exitprocs+0x118>
   10fbc:	0124a223          	sw	s2,4(s1)
   10fc0:	fc078ae3          	beqz	a5,10f94 <__call_exitprocs+0xb8>
   10fc4:	0044ac83          	lw	s9,4(s1)
   10fc8:	00098a63          	beqz	s3,10fdc <__call_exitprocs+0x100>
   10fcc:	1009a683          	lw	a3,256(s3)
   10fd0:	012c1733          	sll	a4,s8,s2
   10fd4:	00d776b3          	and	a3,a4,a3
   10fd8:	02069263          	bnez	a3,10ffc <__call_exitprocs+0x120>
   10fdc:	000780e7          	jalr	a5
   10fe0:	0044a783          	lw	a5,4(s1)
   10fe4:	f59794e3          	bne	a5,s9,10f2c <__call_exitprocs+0x50>
   10fe8:	000b2783          	lw	a5,0(s6)
   10fec:	faf484e3          	beq	s1,a5,10f94 <__call_exitprocs+0xb8>
   10ff0:	f3dff06f          	j	10f2c <__call_exitprocs+0x50>
   10ff4:	00042223          	sw	zero,4(s0)
   10ff8:	fc9ff06f          	j	10fc0 <__call_exitprocs+0xe4>
   10ffc:	1049a683          	lw	a3,260(s3)
   11000:	ffca2583          	lw	a1,-4(s4)
   11004:	00d77733          	and	a4,a4,a3
   11008:	00071863          	bnez	a4,11018 <__call_exitprocs+0x13c>
   1100c:	000d0513          	mv	a0,s10
   11010:	000780e7          	jalr	a5
   11014:	fcdff06f          	j	10fe0 <__call_exitprocs+0x104>
   11018:	00058513          	mv	a0,a1
   1101c:	000780e7          	jalr	a5
   11020:	fc1ff06f          	j	10fe0 <__call_exitprocs+0x104>

00011024 <_free_r>:
   11024:	0e058a63          	beqz	a1,11118 <_free_r+0xf4>
   11028:	ffc5a783          	lw	a5,-4(a1)
   1102c:	fe010113          	addi	sp,sp,-32
   11030:	00812c23          	sw	s0,24(sp)
   11034:	00112e23          	sw	ra,28(sp)
   11038:	ffc58413          	addi	s0,a1,-4
   1103c:	0007d463          	bgez	a5,11044 <_free_r+0x20>
   11040:	00f40433          	add	s0,s0,a5
   11044:	00a12623          	sw	a0,12(sp)
   11048:	318000ef          	jal	11360 <__malloc_lock>
   1104c:	89c1a783          	lw	a5,-1892(gp) # 13d54 <__malloc_free_list>
   11050:	00c12503          	lw	a0,12(sp)
   11054:	00079e63          	bnez	a5,11070 <_free_r+0x4c>
   11058:	00042223          	sw	zero,4(s0)
   1105c:	8881ae23          	sw	s0,-1892(gp) # 13d54 <__malloc_free_list>
   11060:	01812403          	lw	s0,24(sp)
   11064:	01c12083          	lw	ra,28(sp)
   11068:	02010113          	addi	sp,sp,32
   1106c:	2fc0006f          	j	11368 <__malloc_unlock>
   11070:	02f47463          	bgeu	s0,a5,11098 <_free_r+0x74>
   11074:	00042683          	lw	a3,0(s0)
   11078:	00d40733          	add	a4,s0,a3
   1107c:	00e79a63          	bne	a5,a4,11090 <_free_r+0x6c>
   11080:	0007a703          	lw	a4,0(a5)
   11084:	0047a783          	lw	a5,4(a5)
   11088:	00d70733          	add	a4,a4,a3
   1108c:	00e42023          	sw	a4,0(s0)
   11090:	00f42223          	sw	a5,4(s0)
   11094:	fc9ff06f          	j	1105c <_free_r+0x38>
   11098:	00078713          	mv	a4,a5
   1109c:	0047a783          	lw	a5,4(a5)
   110a0:	00078463          	beqz	a5,110a8 <_free_r+0x84>
   110a4:	fef47ae3          	bgeu	s0,a5,11098 <_free_r+0x74>
   110a8:	00072683          	lw	a3,0(a4)
   110ac:	00d70633          	add	a2,a4,a3
   110b0:	02861863          	bne	a2,s0,110e0 <_free_r+0xbc>
   110b4:	00042603          	lw	a2,0(s0)
   110b8:	00c686b3          	add	a3,a3,a2
   110bc:	00d72023          	sw	a3,0(a4)
   110c0:	00d70633          	add	a2,a4,a3
   110c4:	f8c79ee3          	bne	a5,a2,11060 <_free_r+0x3c>
   110c8:	0007a603          	lw	a2,0(a5)
   110cc:	0047a783          	lw	a5,4(a5)
   110d0:	00d606b3          	add	a3,a2,a3
   110d4:	00d72023          	sw	a3,0(a4)
   110d8:	00f72223          	sw	a5,4(a4)
   110dc:	f85ff06f          	j	11060 <_free_r+0x3c>
   110e0:	00c47863          	bgeu	s0,a2,110f0 <_free_r+0xcc>
   110e4:	00c00793          	li	a5,12
   110e8:	00f52023          	sw	a5,0(a0)
   110ec:	f75ff06f          	j	11060 <_free_r+0x3c>
   110f0:	00042603          	lw	a2,0(s0)
   110f4:	00c406b3          	add	a3,s0,a2
   110f8:	00d79a63          	bne	a5,a3,1110c <_free_r+0xe8>
   110fc:	0007a683          	lw	a3,0(a5)
   11100:	0047a783          	lw	a5,4(a5)
   11104:	00c686b3          	add	a3,a3,a2
   11108:	00d42023          	sw	a3,0(s0)
   1110c:	00f42223          	sw	a5,4(s0)
   11110:	00872223          	sw	s0,4(a4)
   11114:	f4dff06f          	j	11060 <_free_r+0x3c>
   11118:	00008067          	ret

0001111c <sbrk_aligned>:
   1111c:	8981a783          	lw	a5,-1896(gp) # 13d50 <__malloc_sbrk_start>
   11120:	ff010113          	addi	sp,sp,-16
   11124:	00812423          	sw	s0,8(sp)
   11128:	01212023          	sw	s2,0(sp)
   1112c:	00112623          	sw	ra,12(sp)
   11130:	00912223          	sw	s1,4(sp)
   11134:	00050913          	mv	s2,a0
   11138:	00058413          	mv	s0,a1
   1113c:	00079863          	bnez	a5,1114c <sbrk_aligned+0x30>
   11140:	00000593          	li	a1,0
   11144:	5c8010ef          	jal	1270c <_sbrk_r>
   11148:	88a1ac23          	sw	a0,-1896(gp) # 13d50 <__malloc_sbrk_start>
   1114c:	00040593          	mv	a1,s0
   11150:	00090513          	mv	a0,s2
   11154:	5b8010ef          	jal	1270c <_sbrk_r>
   11158:	fff00493          	li	s1,-1
   1115c:	02951263          	bne	a0,s1,11180 <sbrk_aligned+0x64>
   11160:	fff00413          	li	s0,-1
   11164:	00c12083          	lw	ra,12(sp)
   11168:	00040513          	mv	a0,s0
   1116c:	00812403          	lw	s0,8(sp)
   11170:	00412483          	lw	s1,4(sp)
   11174:	00012903          	lw	s2,0(sp)
   11178:	01010113          	addi	sp,sp,16
   1117c:	00008067          	ret
   11180:	00350413          	addi	s0,a0,3
   11184:	ffc47413          	andi	s0,s0,-4
   11188:	fc850ee3          	beq	a0,s0,11164 <sbrk_aligned+0x48>
   1118c:	40a405b3          	sub	a1,s0,a0
   11190:	00090513          	mv	a0,s2
   11194:	578010ef          	jal	1270c <_sbrk_r>
   11198:	fc9516e3          	bne	a0,s1,11164 <sbrk_aligned+0x48>
   1119c:	fc5ff06f          	j	11160 <sbrk_aligned+0x44>

000111a0 <_malloc_r>:
   111a0:	fe010113          	addi	sp,sp,-32
   111a4:	00912a23          	sw	s1,20(sp)
   111a8:	00358493          	addi	s1,a1,3
   111ac:	ffc4f493          	andi	s1,s1,-4
   111b0:	00112e23          	sw	ra,28(sp)
   111b4:	00812c23          	sw	s0,24(sp)
   111b8:	01212823          	sw	s2,16(sp)
   111bc:	01312623          	sw	s3,12(sp)
   111c0:	01412423          	sw	s4,8(sp)
   111c4:	00848493          	addi	s1,s1,8
   111c8:	00c00793          	li	a5,12
   111cc:	00f4f463          	bgeu	s1,a5,111d4 <_malloc_r+0x34>
   111d0:	00078493          	mv	s1,a5
   111d4:	0004c463          	bltz	s1,111dc <_malloc_r+0x3c>
   111d8:	02b4f863          	bgeu	s1,a1,11208 <_malloc_r+0x68>
   111dc:	00c00793          	li	a5,12
   111e0:	00f52023          	sw	a5,0(a0)
   111e4:	00000513          	li	a0,0
   111e8:	01c12083          	lw	ra,28(sp)
   111ec:	01812403          	lw	s0,24(sp)
   111f0:	01412483          	lw	s1,20(sp)
   111f4:	01012903          	lw	s2,16(sp)
   111f8:	00c12983          	lw	s3,12(sp)
   111fc:	00812a03          	lw	s4,8(sp)
   11200:	02010113          	addi	sp,sp,32
   11204:	00008067          	ret
   11208:	00050913          	mv	s2,a0
   1120c:	89c18993          	addi	s3,gp,-1892 # 13d54 <__malloc_free_list>
   11210:	150000ef          	jal	11360 <__malloc_lock>
   11214:	0009a783          	lw	a5,0(s3)
   11218:	00078413          	mv	s0,a5
   1121c:	08041063          	bnez	s0,1129c <_malloc_r+0xfc>
   11220:	00048593          	mv	a1,s1
   11224:	00090513          	mv	a0,s2
   11228:	ef5ff0ef          	jal	1111c <sbrk_aligned>
   1122c:	fff00793          	li	a5,-1
   11230:	00050413          	mv	s0,a0
   11234:	12f51263          	bne	a0,a5,11358 <_malloc_r+0x1b8>
   11238:	0009a403          	lw	s0,0(s3)
   1123c:	00040793          	mv	a5,s0
   11240:	0e079263          	bnez	a5,11324 <_malloc_r+0x184>
   11244:	10040063          	beqz	s0,11344 <_malloc_r+0x1a4>
   11248:	00042a03          	lw	s4,0(s0)
   1124c:	00000593          	li	a1,0
   11250:	00090513          	mv	a0,s2
   11254:	01440a33          	add	s4,s0,s4
   11258:	4b4010ef          	jal	1270c <_sbrk_r>
   1125c:	0eaa1463          	bne	s4,a0,11344 <_malloc_r+0x1a4>
   11260:	00042783          	lw	a5,0(s0)
   11264:	00090513          	mv	a0,s2
   11268:	40f484b3          	sub	s1,s1,a5
   1126c:	00048593          	mv	a1,s1
   11270:	eadff0ef          	jal	1111c <sbrk_aligned>
   11274:	fff00793          	li	a5,-1
   11278:	0cf50663          	beq	a0,a5,11344 <_malloc_r+0x1a4>
   1127c:	00042783          	lw	a5,0(s0)
   11280:	009787b3          	add	a5,a5,s1
   11284:	00f42023          	sw	a5,0(s0)
   11288:	0009a783          	lw	a5,0(s3)
   1128c:	0047a703          	lw	a4,4(a5)
   11290:	0a071063          	bnez	a4,11330 <_malloc_r+0x190>
   11294:	8801ae23          	sw	zero,-1892(gp) # 13d54 <__malloc_free_list>
   11298:	0340006f          	j	112cc <_malloc_r+0x12c>
   1129c:	00042683          	lw	a3,0(s0)
   112a0:	409686b3          	sub	a3,a3,s1
   112a4:	0606ca63          	bltz	a3,11318 <_malloc_r+0x178>
   112a8:	00b00713          	li	a4,11
   112ac:	04d77a63          	bgeu	a4,a3,11300 <_malloc_r+0x160>
   112b0:	00942023          	sw	s1,0(s0)
   112b4:	00940733          	add	a4,s0,s1
   112b8:	04879063          	bne	a5,s0,112f8 <_malloc_r+0x158>
   112bc:	00e9a023          	sw	a4,0(s3)
   112c0:	00442783          	lw	a5,4(s0)
   112c4:	00d72023          	sw	a3,0(a4)
   112c8:	00f72223          	sw	a5,4(a4)
   112cc:	00090513          	mv	a0,s2
   112d0:	098000ef          	jal	11368 <__malloc_unlock>
   112d4:	00b40513          	addi	a0,s0,11
   112d8:	00440793          	addi	a5,s0,4
   112dc:	ff857513          	andi	a0,a0,-8
   112e0:	40f50733          	sub	a4,a0,a5
   112e4:	f0f502e3          	beq	a0,a5,111e8 <_malloc_r+0x48>
   112e8:	00e40433          	add	s0,s0,a4
   112ec:	40a787b3          	sub	a5,a5,a0
   112f0:	00f42023          	sw	a5,0(s0)
   112f4:	ef5ff06f          	j	111e8 <_malloc_r+0x48>
   112f8:	00e7a223          	sw	a4,4(a5)
   112fc:	fc5ff06f          	j	112c0 <_malloc_r+0x120>
   11300:	00442703          	lw	a4,4(s0)
   11304:	00879663          	bne	a5,s0,11310 <_malloc_r+0x170>
   11308:	00e9a023          	sw	a4,0(s3)
   1130c:	fc1ff06f          	j	112cc <_malloc_r+0x12c>
   11310:	00e7a223          	sw	a4,4(a5)
   11314:	fb9ff06f          	j	112cc <_malloc_r+0x12c>
   11318:	00040793          	mv	a5,s0
   1131c:	00442403          	lw	s0,4(s0)
   11320:	efdff06f          	j	1121c <_malloc_r+0x7c>
   11324:	00078413          	mv	s0,a5
   11328:	0047a783          	lw	a5,4(a5)
   1132c:	f15ff06f          	j	11240 <_malloc_r+0xa0>
   11330:	00078713          	mv	a4,a5
   11334:	0047a783          	lw	a5,4(a5)
   11338:	fe879ce3          	bne	a5,s0,11330 <_malloc_r+0x190>
   1133c:	00072223          	sw	zero,4(a4)
   11340:	f8dff06f          	j	112cc <_malloc_r+0x12c>
   11344:	00c00793          	li	a5,12
   11348:	00f92023          	sw	a5,0(s2)
   1134c:	00090513          	mv	a0,s2
   11350:	018000ef          	jal	11368 <__malloc_unlock>
   11354:	e91ff06f          	j	111e4 <_malloc_r+0x44>
   11358:	00952023          	sw	s1,0(a0)
   1135c:	f71ff06f          	j	112cc <_malloc_r+0x12c>

00011360 <__malloc_lock>:
   11360:	88418513          	addi	a0,gp,-1916 # 13d3c <__lock___malloc_recursive_mutex>
   11364:	a31ff06f          	j	10d94 <__retarget_lock_acquire_recursive>

00011368 <__malloc_unlock>:
   11368:	88418513          	addi	a0,gp,-1916 # 13d3c <__lock___malloc_recursive_mutex>
   1136c:	a41ff06f          	j	10dac <__retarget_lock_release_recursive>

00011370 <__sfputc_r>:
   11370:	00862783          	lw	a5,8(a2)
   11374:	fff78793          	addi	a5,a5,-1
   11378:	00f62423          	sw	a5,8(a2)
   1137c:	0007dc63          	bgez	a5,11394 <__sfputc_r+0x24>
   11380:	01862703          	lw	a4,24(a2)
   11384:	00e7c663          	blt	a5,a4,11390 <__sfputc_r+0x20>
   11388:	ff658793          	addi	a5,a1,-10
   1138c:	00079463          	bnez	a5,11394 <__sfputc_r+0x24>
   11390:	1340106f          	j	124c4 <__swbuf_r>
   11394:	00062783          	lw	a5,0(a2)
   11398:	00058513          	mv	a0,a1
   1139c:	00178713          	addi	a4,a5,1
   113a0:	00e62023          	sw	a4,0(a2)
   113a4:	00b78023          	sb	a1,0(a5)
   113a8:	00008067          	ret

000113ac <__sfputs_r>:
   113ac:	fe010113          	addi	sp,sp,-32
   113b0:	00812c23          	sw	s0,24(sp)
   113b4:	00912a23          	sw	s1,20(sp)
   113b8:	01212823          	sw	s2,16(sp)
   113bc:	01312623          	sw	s3,12(sp)
   113c0:	01412423          	sw	s4,8(sp)
   113c4:	00112e23          	sw	ra,28(sp)
   113c8:	00050993          	mv	s3,a0
   113cc:	00058a13          	mv	s4,a1
   113d0:	00060413          	mv	s0,a2
   113d4:	00d604b3          	add	s1,a2,a3
   113d8:	fff00913          	li	s2,-1
   113dc:	00941663          	bne	s0,s1,113e8 <__sfputs_r+0x3c>
   113e0:	00000513          	li	a0,0
   113e4:	01c0006f          	j	11400 <__sfputs_r+0x54>
   113e8:	00044583          	lbu	a1,0(s0)
   113ec:	000a0613          	mv	a2,s4
   113f0:	00098513          	mv	a0,s3
   113f4:	f7dff0ef          	jal	11370 <__sfputc_r>
   113f8:	00140413          	addi	s0,s0,1
   113fc:	ff2510e3          	bne	a0,s2,113dc <__sfputs_r+0x30>
   11400:	01c12083          	lw	ra,28(sp)
   11404:	01812403          	lw	s0,24(sp)
   11408:	01412483          	lw	s1,20(sp)
   1140c:	01012903          	lw	s2,16(sp)
   11410:	00c12983          	lw	s3,12(sp)
   11414:	00812a03          	lw	s4,8(sp)
   11418:	02010113          	addi	sp,sp,32
   1141c:	00008067          	ret

00011420 <__sprint_r>:
   11420:	00862783          	lw	a5,8(a2)
   11424:	ff010113          	addi	sp,sp,-16
   11428:	00812423          	sw	s0,8(sp)
   1142c:	00112623          	sw	ra,12(sp)
   11430:	00060413          	mv	s0,a2
   11434:	02078063          	beqz	a5,11454 <__sprint_r+0x34>
   11438:	435000ef          	jal	1206c <__sfvwrite_r>
   1143c:	00042423          	sw	zero,8(s0)
   11440:	00c12083          	lw	ra,12(sp)
   11444:	00042223          	sw	zero,4(s0)
   11448:	00812403          	lw	s0,8(sp)
   1144c:	01010113          	addi	sp,sp,16
   11450:	00008067          	ret
   11454:	00000513          	li	a0,0
   11458:	fe9ff06f          	j	11440 <__sprint_r+0x20>

0001145c <_vfiprintf_r>:
   1145c:	f5010113          	addi	sp,sp,-176
   11460:	0a812423          	sw	s0,168(sp)
   11464:	0a912223          	sw	s1,164(sp)
   11468:	09312e23          	sw	s3,156(sp)
   1146c:	09912223          	sw	s9,132(sp)
   11470:	0a112623          	sw	ra,172(sp)
   11474:	0b212023          	sw	s2,160(sp)
   11478:	09412c23          	sw	s4,152(sp)
   1147c:	09512a23          	sw	s5,148(sp)
   11480:	09612823          	sw	s6,144(sp)
   11484:	09712623          	sw	s7,140(sp)
   11488:	09812423          	sw	s8,136(sp)
   1148c:	09a12023          	sw	s10,128(sp)
   11490:	00050993          	mv	s3,a0
   11494:	00058493          	mv	s1,a1
   11498:	00060c93          	mv	s9,a2
   1149c:	00068413          	mv	s0,a3
   114a0:	00050863          	beqz	a0,114b0 <_vfiprintf_r+0x54>
   114a4:	02052783          	lw	a5,32(a0)
   114a8:	00079463          	bnez	a5,114b0 <_vfiprintf_r+0x54>
   114ac:	a4cff0ef          	jal	106f8 <__sinit>
   114b0:	0644a783          	lw	a5,100(s1)
   114b4:	0017f793          	andi	a5,a5,1
   114b8:	00079c63          	bnez	a5,114d0 <_vfiprintf_r+0x74>
   114bc:	00c4d783          	lhu	a5,12(s1)
   114c0:	2007f793          	andi	a5,a5,512
   114c4:	00079663          	bnez	a5,114d0 <_vfiprintf_r+0x74>
   114c8:	0584a503          	lw	a0,88(s1)
   114cc:	8c9ff0ef          	jal	10d94 <__retarget_lock_acquire_recursive>
   114d0:	00c4d783          	lhu	a5,12(s1)
   114d4:	0087f793          	andi	a5,a5,8
   114d8:	00078663          	beqz	a5,114e4 <_vfiprintf_r+0x88>
   114dc:	0104a783          	lw	a5,16(s1)
   114e0:	06079a63          	bnez	a5,11554 <_vfiprintf_r+0xf8>
   114e4:	00048593          	mv	a1,s1
   114e8:	00098513          	mv	a0,s3
   114ec:	0e4010ef          	jal	125d0 <__swsetup_r>
   114f0:	06050263          	beqz	a0,11554 <_vfiprintf_r+0xf8>
   114f4:	0644a783          	lw	a5,100(s1)
   114f8:	0017f793          	andi	a5,a5,1
   114fc:	04078063          	beqz	a5,1153c <_vfiprintf_r+0xe0>
   11500:	fff00513          	li	a0,-1
   11504:	0ac12083          	lw	ra,172(sp)
   11508:	0a812403          	lw	s0,168(sp)
   1150c:	0a412483          	lw	s1,164(sp)
   11510:	0a012903          	lw	s2,160(sp)
   11514:	09c12983          	lw	s3,156(sp)
   11518:	09812a03          	lw	s4,152(sp)
   1151c:	09412a83          	lw	s5,148(sp)
   11520:	09012b03          	lw	s6,144(sp)
   11524:	08c12b83          	lw	s7,140(sp)
   11528:	08812c03          	lw	s8,136(sp)
   1152c:	08412c83          	lw	s9,132(sp)
   11530:	08012d03          	lw	s10,128(sp)
   11534:	0b010113          	addi	sp,sp,176
   11538:	00008067          	ret
   1153c:	00c4d783          	lhu	a5,12(s1)
   11540:	2007f793          	andi	a5,a5,512
   11544:	fa079ee3          	bnez	a5,11500 <_vfiprintf_r+0xa4>
   11548:	0584a503          	lw	a0,88(s1)
   1154c:	861ff0ef          	jal	10dac <__retarget_lock_release_recursive>
   11550:	fb1ff06f          	j	11500 <_vfiprintf_r+0xa4>
   11554:	02000a93          	li	s5,32
   11558:	03000793          	li	a5,48
   1155c:	02012a23          	sw	zero,52(sp)
   11560:	03510ca3          	sb	s5,57(sp)
   11564:	02f10d23          	sb	a5,58(sp)
   11568:	00812e23          	sw	s0,28(sp)
   1156c:	fff00a13          	li	s4,-1
   11570:	00001b17          	auipc	s6,0x1
   11574:	6a8b0b13          	addi	s6,s6,1704 # 12c18 <_exit+0x98>
   11578:	00100b93          	li	s7,1
   1157c:	02b00c13          	li	s8,43
   11580:	000c8413          	mv	s0,s9
   11584:	00044783          	lbu	a5,0(s0)
   11588:	00f03d33          	snez	s10,a5
   1158c:	fdb78793          	addi	a5,a5,-37
   11590:	00f037b3          	snez	a5,a5
   11594:	00fd7d33          	and	s10,s10,a5
   11598:	0c0d1063          	bnez	s10,11658 <_vfiprintf_r+0x1fc>
   1159c:	419406b3          	sub	a3,s0,s9
   115a0:	03940663          	beq	s0,s9,115cc <_vfiprintf_r+0x170>
   115a4:	000c8613          	mv	a2,s9
   115a8:	00048593          	mv	a1,s1
   115ac:	00098513          	mv	a0,s3
   115b0:	00d12623          	sw	a3,12(sp)
   115b4:	df9ff0ef          	jal	113ac <__sfputs_r>
   115b8:	25450663          	beq	a0,s4,11804 <_vfiprintf_r+0x3a8>
   115bc:	03412783          	lw	a5,52(sp)
   115c0:	00c12683          	lw	a3,12(sp)
   115c4:	00d787b3          	add	a5,a5,a3
   115c8:	02f12a23          	sw	a5,52(sp)
   115cc:	00044783          	lbu	a5,0(s0)
   115d0:	22078a63          	beqz	a5,11804 <_vfiprintf_r+0x3a8>
   115d4:	00140413          	addi	s0,s0,1
   115d8:	02012023          	sw	zero,32(sp)
   115dc:	02012623          	sw	zero,44(sp)
   115e0:	03412223          	sw	s4,36(sp)
   115e4:	02012423          	sw	zero,40(sp)
   115e8:	060101a3          	sb	zero,99(sp)
   115ec:	06012c23          	sw	zero,120(sp)
   115f0:	00044583          	lbu	a1,0(s0)
   115f4:	00500613          	li	a2,5
   115f8:	00001517          	auipc	a0,0x1
   115fc:	62050513          	addi	a0,a0,1568 # 12c18 <_exit+0x98>
   11600:	0e8010ef          	jal	126e8 <memchr>
   11604:	02012783          	lw	a5,32(sp)
   11608:	00140693          	addi	a3,s0,1
   1160c:	04051a63          	bnez	a0,11660 <_vfiprintf_r+0x204>
   11610:	0107f713          	andi	a4,a5,16
   11614:	00070463          	beqz	a4,1161c <_vfiprintf_r+0x1c0>
   11618:	075101a3          	sb	s5,99(sp)
   1161c:	0087f713          	andi	a4,a5,8
   11620:	00070463          	beqz	a4,11628 <_vfiprintf_r+0x1cc>
   11624:	078101a3          	sb	s8,99(sp)
   11628:	00044603          	lbu	a2,0(s0)
   1162c:	02a00713          	li	a4,42
   11630:	04e60463          	beq	a2,a4,11678 <_vfiprintf_r+0x21c>
   11634:	02c12703          	lw	a4,44(sp)
   11638:	00000793          	li	a5,0
   1163c:	00900613          	li	a2,9
   11640:	00044683          	lbu	a3,0(s0)
   11644:	fd068693          	addi	a3,a3,-48
   11648:	12d67263          	bgeu	a2,a3,1176c <_vfiprintf_r+0x310>
   1164c:	04078463          	beqz	a5,11694 <_vfiprintf_r+0x238>
   11650:	02e12623          	sw	a4,44(sp)
   11654:	0400006f          	j	11694 <_vfiprintf_r+0x238>
   11658:	00140413          	addi	s0,s0,1
   1165c:	f29ff06f          	j	11584 <_vfiprintf_r+0x128>
   11660:	41650533          	sub	a0,a0,s6
   11664:	00ab9533          	sll	a0,s7,a0
   11668:	00f56533          	or	a0,a0,a5
   1166c:	02a12023          	sw	a0,32(sp)
   11670:	00068413          	mv	s0,a3
   11674:	f7dff06f          	j	115f0 <_vfiprintf_r+0x194>
   11678:	01c12703          	lw	a4,28(sp)
   1167c:	00470613          	addi	a2,a4,4
   11680:	00072703          	lw	a4,0(a4)
   11684:	00c12e23          	sw	a2,28(sp)
   11688:	0c074863          	bltz	a4,11758 <_vfiprintf_r+0x2fc>
   1168c:	02e12623          	sw	a4,44(sp)
   11690:	00068413          	mv	s0,a3
   11694:	00044703          	lbu	a4,0(s0)
   11698:	02e00793          	li	a5,46
   1169c:	02f71863          	bne	a4,a5,116cc <_vfiprintf_r+0x270>
   116a0:	00144703          	lbu	a4,1(s0)
   116a4:	02a00793          	li	a5,42
   116a8:	0ef71063          	bne	a4,a5,11788 <_vfiprintf_r+0x32c>
   116ac:	01c12783          	lw	a5,28(sp)
   116b0:	00240413          	addi	s0,s0,2
   116b4:	00478713          	addi	a4,a5,4
   116b8:	0007a783          	lw	a5,0(a5)
   116bc:	00e12e23          	sw	a4,28(sp)
   116c0:	0007d463          	bgez	a5,116c8 <_vfiprintf_r+0x26c>
   116c4:	fff00793          	li	a5,-1
   116c8:	02f12223          	sw	a5,36(sp)
   116cc:	00044583          	lbu	a1,0(s0)
   116d0:	00300613          	li	a2,3
   116d4:	00001517          	auipc	a0,0x1
   116d8:	54c50513          	addi	a0,a0,1356 # 12c20 <_exit+0xa0>
   116dc:	00c010ef          	jal	126e8 <memchr>
   116e0:	02050463          	beqz	a0,11708 <_vfiprintf_r+0x2ac>
   116e4:	00001797          	auipc	a5,0x1
   116e8:	53c78793          	addi	a5,a5,1340 # 12c20 <_exit+0xa0>
   116ec:	40f50533          	sub	a0,a0,a5
   116f0:	02012783          	lw	a5,32(sp)
   116f4:	04000713          	li	a4,64
   116f8:	00a71733          	sll	a4,a4,a0
   116fc:	00e7e7b3          	or	a5,a5,a4
   11700:	00140413          	addi	s0,s0,1
   11704:	02f12023          	sw	a5,32(sp)
   11708:	00044583          	lbu	a1,0(s0)
   1170c:	00600613          	li	a2,6
   11710:	00001517          	auipc	a0,0x1
   11714:	51450513          	addi	a0,a0,1300 # 12c24 <_exit+0xa4>
   11718:	02b10c23          	sb	a1,56(sp)
   1171c:	7cd000ef          	jal	126e8 <memchr>
   11720:	10050c63          	beqz	a0,11838 <_vfiprintf_r+0x3dc>
   11724:	00000793          	li	a5,0
   11728:	0a079a63          	bnez	a5,117dc <_vfiprintf_r+0x380>
   1172c:	02012703          	lw	a4,32(sp)
   11730:	01c12783          	lw	a5,28(sp)
   11734:	10077713          	andi	a4,a4,256
   11738:	08070a63          	beqz	a4,117cc <_vfiprintf_r+0x370>
   1173c:	00478793          	addi	a5,a5,4
   11740:	00f12e23          	sw	a5,28(sp)
   11744:	03412783          	lw	a5,52(sp)
   11748:	00140c93          	addi	s9,s0,1
   1174c:	012787b3          	add	a5,a5,s2
   11750:	02f12a23          	sw	a5,52(sp)
   11754:	e2dff06f          	j	11580 <_vfiprintf_r+0x124>
   11758:	40e00733          	neg	a4,a4
   1175c:	0027e793          	ori	a5,a5,2
   11760:	02e12623          	sw	a4,44(sp)
   11764:	02f12023          	sw	a5,32(sp)
   11768:	f29ff06f          	j	11690 <_vfiprintf_r+0x234>
   1176c:	00271793          	slli	a5,a4,0x2
   11770:	00e787b3          	add	a5,a5,a4
   11774:	00179793          	slli	a5,a5,0x1
   11778:	00d78733          	add	a4,a5,a3
   1177c:	00140413          	addi	s0,s0,1
   11780:	00100793          	li	a5,1
   11784:	ebdff06f          	j	11640 <_vfiprintf_r+0x1e4>
   11788:	00140413          	addi	s0,s0,1
   1178c:	02012223          	sw	zero,36(sp)
   11790:	00000713          	li	a4,0
   11794:	00900613          	li	a2,9
   11798:	00044683          	lbu	a3,0(s0)
   1179c:	fd068693          	addi	a3,a3,-48
   117a0:	00d67863          	bgeu	a2,a3,117b0 <_vfiprintf_r+0x354>
   117a4:	f20d04e3          	beqz	s10,116cc <_vfiprintf_r+0x270>
   117a8:	02e12223          	sw	a4,36(sp)
   117ac:	f21ff06f          	j	116cc <_vfiprintf_r+0x270>
   117b0:	00271793          	slli	a5,a4,0x2
   117b4:	00e787b3          	add	a5,a5,a4
   117b8:	00179793          	slli	a5,a5,0x1
   117bc:	00140413          	addi	s0,s0,1
   117c0:	00d78733          	add	a4,a5,a3
   117c4:	00100d13          	li	s10,1
   117c8:	fd1ff06f          	j	11798 <_vfiprintf_r+0x33c>
   117cc:	00778793          	addi	a5,a5,7
   117d0:	ff87f793          	andi	a5,a5,-8
   117d4:	00878793          	addi	a5,a5,8
   117d8:	f69ff06f          	j	11740 <_vfiprintf_r+0x2e4>
   117dc:	01c10713          	addi	a4,sp,28
   117e0:	00000697          	auipc	a3,0x0
   117e4:	bcc68693          	addi	a3,a3,-1076 # 113ac <__sfputs_r>
   117e8:	00048613          	mv	a2,s1
   117ec:	02010593          	addi	a1,sp,32
   117f0:	00098513          	mv	a0,s3
   117f4:	00000097          	auipc	ra,0x0
   117f8:	000000e7          	jalr	zero # 0 <exit-0x100b4>
   117fc:	00050913          	mv	s2,a0
   11800:	f54512e3          	bne	a0,s4,11744 <_vfiprintf_r+0x2e8>
   11804:	0644a783          	lw	a5,100(s1)
   11808:	0017f793          	andi	a5,a5,1
   1180c:	00079c63          	bnez	a5,11824 <_vfiprintf_r+0x3c8>
   11810:	00c4d783          	lhu	a5,12(s1)
   11814:	2007f793          	andi	a5,a5,512
   11818:	00079663          	bnez	a5,11824 <_vfiprintf_r+0x3c8>
   1181c:	0584a503          	lw	a0,88(s1)
   11820:	d8cff0ef          	jal	10dac <__retarget_lock_release_recursive>
   11824:	00c4d783          	lhu	a5,12(s1)
   11828:	0407f793          	andi	a5,a5,64
   1182c:	cc079ae3          	bnez	a5,11500 <_vfiprintf_r+0xa4>
   11830:	03412503          	lw	a0,52(sp)
   11834:	cd1ff06f          	j	11504 <_vfiprintf_r+0xa8>
   11838:	01c10713          	addi	a4,sp,28
   1183c:	00000697          	auipc	a3,0x0
   11840:	b7068693          	addi	a3,a3,-1168 # 113ac <__sfputs_r>
   11844:	00048613          	mv	a2,s1
   11848:	02010593          	addi	a1,sp,32
   1184c:	00098513          	mv	a0,s3
   11850:	1d0000ef          	jal	11a20 <_printf_i>
   11854:	fa9ff06f          	j	117fc <_vfiprintf_r+0x3a0>

00011858 <vfiprintf>:
   11858:	00060693          	mv	a3,a2
   1185c:	00058613          	mv	a2,a1
   11860:	00050593          	mv	a1,a0
   11864:	85c1a503          	lw	a0,-1956(gp) # 13d14 <_impure_ptr>
   11868:	bf5ff06f          	j	1145c <_vfiprintf_r>

0001186c <_printf_common>:
   1186c:	fd010113          	addi	sp,sp,-48
   11870:	01312e23          	sw	s3,28(sp)
   11874:	0105a783          	lw	a5,16(a1)
   11878:	00070993          	mv	s3,a4
   1187c:	0085a703          	lw	a4,8(a1)
   11880:	02812423          	sw	s0,40(sp)
   11884:	03212023          	sw	s2,32(sp)
   11888:	01612823          	sw	s6,16(sp)
   1188c:	01712623          	sw	s7,12(sp)
   11890:	02112623          	sw	ra,44(sp)
   11894:	02912223          	sw	s1,36(sp)
   11898:	01412c23          	sw	s4,24(sp)
   1189c:	01512a23          	sw	s5,20(sp)
   118a0:	00050b13          	mv	s6,a0
   118a4:	00058413          	mv	s0,a1
   118a8:	00060913          	mv	s2,a2
   118ac:	00068b93          	mv	s7,a3
   118b0:	00e7d463          	bge	a5,a4,118b8 <_printf_common+0x4c>
   118b4:	00070793          	mv	a5,a4
   118b8:	00f92023          	sw	a5,0(s2)
   118bc:	04344703          	lbu	a4,67(s0)
   118c0:	00070663          	beqz	a4,118cc <_printf_common+0x60>
   118c4:	00178793          	addi	a5,a5,1
   118c8:	00f92023          	sw	a5,0(s2)
   118cc:	00042783          	lw	a5,0(s0)
   118d0:	0207f793          	andi	a5,a5,32
   118d4:	00078863          	beqz	a5,118e4 <_printf_common+0x78>
   118d8:	00092783          	lw	a5,0(s2)
   118dc:	00278793          	addi	a5,a5,2
   118e0:	00f92023          	sw	a5,0(s2)
   118e4:	00042483          	lw	s1,0(s0)
   118e8:	0064f493          	andi	s1,s1,6
   118ec:	00049e63          	bnez	s1,11908 <_printf_common+0x9c>
   118f0:	01940a13          	addi	s4,s0,25
   118f4:	fff00a93          	li	s5,-1
   118f8:	00c42783          	lw	a5,12(s0)
   118fc:	00092703          	lw	a4,0(s2)
   11900:	40e787b3          	sub	a5,a5,a4
   11904:	08f4c463          	blt	s1,a5,1198c <_printf_common+0x120>
   11908:	00042783          	lw	a5,0(s0)
   1190c:	04344683          	lbu	a3,67(s0)
   11910:	0207f793          	andi	a5,a5,32
   11914:	00d036b3          	snez	a3,a3
   11918:	0c079263          	bnez	a5,119dc <_printf_common+0x170>
   1191c:	04340613          	addi	a2,s0,67
   11920:	000b8593          	mv	a1,s7
   11924:	000b0513          	mv	a0,s6
   11928:	000980e7          	jalr	s3
   1192c:	fff00793          	li	a5,-1
   11930:	06f50a63          	beq	a0,a5,119a4 <_printf_common+0x138>
   11934:	00042783          	lw	a5,0(s0)
   11938:	00400713          	li	a4,4
   1193c:	00000493          	li	s1,0
   11940:	0067f793          	andi	a5,a5,6
   11944:	00e79e63          	bne	a5,a4,11960 <_printf_common+0xf4>
   11948:	00092783          	lw	a5,0(s2)
   1194c:	00c42483          	lw	s1,12(s0)
   11950:	40f484b3          	sub	s1,s1,a5
   11954:	fff4c793          	not	a5,s1
   11958:	41f7d793          	srai	a5,a5,0x1f
   1195c:	00f4f4b3          	and	s1,s1,a5
   11960:	00842783          	lw	a5,8(s0)
   11964:	01042703          	lw	a4,16(s0)
   11968:	00f75663          	bge	a4,a5,11974 <_printf_common+0x108>
   1196c:	40e787b3          	sub	a5,a5,a4
   11970:	00f484b3          	add	s1,s1,a5
   11974:	00000913          	li	s2,0
   11978:	01a40413          	addi	s0,s0,26
   1197c:	fff00a13          	li	s4,-1
   11980:	09249063          	bne	s1,s2,11a00 <_printf_common+0x194>
   11984:	00000513          	li	a0,0
   11988:	0200006f          	j	119a8 <_printf_common+0x13c>
   1198c:	00100693          	li	a3,1
   11990:	000a0613          	mv	a2,s4
   11994:	000b8593          	mv	a1,s7
   11998:	000b0513          	mv	a0,s6
   1199c:	000980e7          	jalr	s3
   119a0:	03551a63          	bne	a0,s5,119d4 <_printf_common+0x168>
   119a4:	fff00513          	li	a0,-1
   119a8:	02c12083          	lw	ra,44(sp)
   119ac:	02812403          	lw	s0,40(sp)
   119b0:	02412483          	lw	s1,36(sp)
   119b4:	02012903          	lw	s2,32(sp)
   119b8:	01c12983          	lw	s3,28(sp)
   119bc:	01812a03          	lw	s4,24(sp)
   119c0:	01412a83          	lw	s5,20(sp)
   119c4:	01012b03          	lw	s6,16(sp)
   119c8:	00c12b83          	lw	s7,12(sp)
   119cc:	03010113          	addi	sp,sp,48
   119d0:	00008067          	ret
   119d4:	00148493          	addi	s1,s1,1
   119d8:	f21ff06f          	j	118f8 <_printf_common+0x8c>
   119dc:	00d40733          	add	a4,s0,a3
   119e0:	03000613          	li	a2,48
   119e4:	04c701a3          	sb	a2,67(a4)
   119e8:	04544703          	lbu	a4,69(s0)
   119ec:	00168793          	addi	a5,a3,1
   119f0:	00f407b3          	add	a5,s0,a5
   119f4:	00268693          	addi	a3,a3,2
   119f8:	04e781a3          	sb	a4,67(a5)
   119fc:	f21ff06f          	j	1191c <_printf_common+0xb0>
   11a00:	00100693          	li	a3,1
   11a04:	00040613          	mv	a2,s0
   11a08:	000b8593          	mv	a1,s7
   11a0c:	000b0513          	mv	a0,s6
   11a10:	000980e7          	jalr	s3
   11a14:	f94508e3          	beq	a0,s4,119a4 <_printf_common+0x138>
   11a18:	00190913          	addi	s2,s2,1
   11a1c:	f65ff06f          	j	11980 <_printf_common+0x114>

00011a20 <_printf_i>:
   11a20:	fc010113          	addi	sp,sp,-64
   11a24:	02812c23          	sw	s0,56(sp)
   11a28:	03412423          	sw	s4,40(sp)
   11a2c:	01812c23          	sw	s8,24(sp)
   11a30:	01912a23          	sw	s9,20(sp)
   11a34:	02112e23          	sw	ra,60(sp)
   11a38:	02912a23          	sw	s1,52(sp)
   11a3c:	03212823          	sw	s2,48(sp)
   11a40:	03312623          	sw	s3,44(sp)
   11a44:	03512223          	sw	s5,36(sp)
   11a48:	03612023          	sw	s6,32(sp)
   11a4c:	01712e23          	sw	s7,28(sp)
   11a50:	0185c783          	lbu	a5,24(a1)
   11a54:	00068a13          	mv	s4,a3
   11a58:	07800693          	li	a3,120
   11a5c:	00050c13          	mv	s8,a0
   11a60:	00058413          	mv	s0,a1
   11a64:	00060c93          	mv	s9,a2
   11a68:	02f6e263          	bltu	a3,a5,11a8c <_printf_i+0x6c>
   11a6c:	06200693          	li	a3,98
   11a70:	04358a93          	addi	s5,a1,67
   11a74:	02f6e063          	bltu	a3,a5,11a94 <_printf_i+0x74>
   11a78:	2a078263          	beqz	a5,11d1c <_printf_i+0x2fc>
   11a7c:	05800693          	li	a3,88
   11a80:	00001b17          	auipc	s6,0x1
   11a84:	1acb0b13          	addi	s6,s6,428 # 12c2c <_exit+0xac>
   11a88:	10d78a63          	beq	a5,a3,11b9c <_printf_i+0x17c>
   11a8c:	04240913          	addi	s2,s0,66
   11a90:	0440006f          	j	11ad4 <_printf_i+0xb4>
   11a94:	f9d78693          	addi	a3,a5,-99
   11a98:	0ff6f693          	zext.b	a3,a3
   11a9c:	01500613          	li	a2,21
   11aa0:	fed666e3          	bltu	a2,a3,11a8c <_printf_i+0x6c>
   11aa4:	00001617          	auipc	a2,0x1
   11aa8:	1b060613          	addi	a2,a2,432 # 12c54 <_exit+0xd4>
   11aac:	00269693          	slli	a3,a3,0x2
   11ab0:	00c686b3          	add	a3,a3,a2
   11ab4:	0006a683          	lw	a3,0(a3)
   11ab8:	00c686b3          	add	a3,a3,a2
   11abc:	00068067          	jr	a3
   11ac0:	00072783          	lw	a5,0(a4)
   11ac4:	04258913          	addi	s2,a1,66
   11ac8:	00478693          	addi	a3,a5,4
   11acc:	0007a783          	lw	a5,0(a5)
   11ad0:	00d72023          	sw	a3,0(a4)
   11ad4:	04f40123          	sb	a5,66(s0)
   11ad8:	00100793          	li	a5,1
   11adc:	27c0006f          	j	11d58 <_printf_i+0x338>
   11ae0:	0005a783          	lw	a5,0(a1)
   11ae4:	00072603          	lw	a2,0(a4)
   11ae8:	0807f593          	andi	a1,a5,128
   11aec:	00460693          	addi	a3,a2,4
   11af0:	02058663          	beqz	a1,11b1c <_printf_i+0xfc>
   11af4:	00062483          	lw	s1,0(a2)
   11af8:	00d72023          	sw	a3,0(a4)
   11afc:	0004d863          	bgez	s1,11b0c <_printf_i+0xec>
   11b00:	02d00793          	li	a5,45
   11b04:	409004b3          	neg	s1,s1
   11b08:	04f401a3          	sb	a5,67(s0)
   11b0c:	00001b17          	auipc	s6,0x1
   11b10:	120b0b13          	addi	s6,s6,288 # 12c2c <_exit+0xac>
   11b14:	00a00993          	li	s3,10
   11b18:	0d00006f          	j	11be8 <_printf_i+0x1c8>
   11b1c:	00062483          	lw	s1,0(a2)
   11b20:	0407f793          	andi	a5,a5,64
   11b24:	00d72023          	sw	a3,0(a4)
   11b28:	fc078ae3          	beqz	a5,11afc <_printf_i+0xdc>
   11b2c:	01049493          	slli	s1,s1,0x10
   11b30:	4104d493          	srai	s1,s1,0x10
   11b34:	fc9ff06f          	j	11afc <_printf_i+0xdc>
   11b38:	0005a683          	lw	a3,0(a1)
   11b3c:	00072783          	lw	a5,0(a4)
   11b40:	0806f613          	andi	a2,a3,128
   11b44:	0007a483          	lw	s1,0(a5)
   11b48:	00478793          	addi	a5,a5,4
   11b4c:	00061a63          	bnez	a2,11b60 <_printf_i+0x140>
   11b50:	0406f693          	andi	a3,a3,64
   11b54:	00068663          	beqz	a3,11b60 <_printf_i+0x140>
   11b58:	01049493          	slli	s1,s1,0x10
   11b5c:	0104d493          	srli	s1,s1,0x10
   11b60:	00f72023          	sw	a5,0(a4)
   11b64:	01844703          	lbu	a4,24(s0)
   11b68:	06f00793          	li	a5,111
   11b6c:	00001b17          	auipc	s6,0x1
   11b70:	0c0b0b13          	addi	s6,s6,192 # 12c2c <_exit+0xac>
   11b74:	00800993          	li	s3,8
   11b78:	06f70663          	beq	a4,a5,11be4 <_printf_i+0x1c4>
   11b7c:	00a00993          	li	s3,10
   11b80:	0640006f          	j	11be4 <_printf_i+0x1c4>
   11b84:	0005a783          	lw	a5,0(a1)
   11b88:	0207e793          	ori	a5,a5,32
   11b8c:	00f5a023          	sw	a5,0(a1)
   11b90:	07800793          	li	a5,120
   11b94:	00001b17          	auipc	s6,0x1
   11b98:	0acb0b13          	addi	s6,s6,172 # 12c40 <_exit+0xc0>
   11b9c:	04f402a3          	sb	a5,69(s0)
   11ba0:	00042783          	lw	a5,0(s0)
   11ba4:	00072683          	lw	a3,0(a4)
   11ba8:	0807f613          	andi	a2,a5,128
   11bac:	0006a483          	lw	s1,0(a3)
   11bb0:	00468693          	addi	a3,a3,4
   11bb4:	00061a63          	bnez	a2,11bc8 <_printf_i+0x1a8>
   11bb8:	0407f613          	andi	a2,a5,64
   11bbc:	00060663          	beqz	a2,11bc8 <_printf_i+0x1a8>
   11bc0:	01049493          	slli	s1,s1,0x10
   11bc4:	0104d493          	srli	s1,s1,0x10
   11bc8:	00d72023          	sw	a3,0(a4)
   11bcc:	0017f713          	andi	a4,a5,1
   11bd0:	00070663          	beqz	a4,11bdc <_printf_i+0x1bc>
   11bd4:	0207e793          	ori	a5,a5,32
   11bd8:	00f42023          	sw	a5,0(s0)
   11bdc:	0e048a63          	beqz	s1,11cd0 <_printf_i+0x2b0>
   11be0:	01000993          	li	s3,16
   11be4:	040401a3          	sb	zero,67(s0)
   11be8:	00442783          	lw	a5,4(s0)
   11bec:	00f42423          	sw	a5,8(s0)
   11bf0:	0007ce63          	bltz	a5,11c0c <_printf_i+0x1ec>
   11bf4:	00042703          	lw	a4,0(s0)
   11bf8:	00f4e7b3          	or	a5,s1,a5
   11bfc:	000a8913          	mv	s2,s5
   11c00:	ffb77713          	andi	a4,a4,-5
   11c04:	00e42023          	sw	a4,0(s0)
   11c08:	02078e63          	beqz	a5,11c44 <_printf_i+0x224>
   11c0c:	000a8913          	mv	s2,s5
   11c10:	00098593          	mv	a1,s3
   11c14:	00048513          	mv	a0,s1
   11c18:	675000ef          	jal	12a8c <__umodsi3>
   11c1c:	00ab0533          	add	a0,s6,a0
   11c20:	00054783          	lbu	a5,0(a0)
   11c24:	00098593          	mv	a1,s3
   11c28:	00048513          	mv	a0,s1
   11c2c:	fef90fa3          	sb	a5,-1(s2)
   11c30:	00048b93          	mv	s7,s1
   11c34:	611000ef          	jal	12a44 <__hidden___udivsi3>
   11c38:	fff90913          	addi	s2,s2,-1
   11c3c:	00050493          	mv	s1,a0
   11c40:	fd3bf8e3          	bgeu	s7,s3,11c10 <_printf_i+0x1f0>
   11c44:	00800793          	li	a5,8
   11c48:	02f99463          	bne	s3,a5,11c70 <_printf_i+0x250>
   11c4c:	00042783          	lw	a5,0(s0)
   11c50:	0017f793          	andi	a5,a5,1
   11c54:	00078e63          	beqz	a5,11c70 <_printf_i+0x250>
   11c58:	00442703          	lw	a4,4(s0)
   11c5c:	01042783          	lw	a5,16(s0)
   11c60:	00e7c863          	blt	a5,a4,11c70 <_printf_i+0x250>
   11c64:	03000793          	li	a5,48
   11c68:	fef90fa3          	sb	a5,-1(s2)
   11c6c:	fff90913          	addi	s2,s2,-1
   11c70:	412a8ab3          	sub	s5,s5,s2
   11c74:	01542823          	sw	s5,16(s0)
   11c78:	000a0713          	mv	a4,s4
   11c7c:	000c8693          	mv	a3,s9
   11c80:	00c10613          	addi	a2,sp,12
   11c84:	00040593          	mv	a1,s0
   11c88:	000c0513          	mv	a0,s8
   11c8c:	be1ff0ef          	jal	1186c <_printf_common>
   11c90:	fff00993          	li	s3,-1
   11c94:	0d351863          	bne	a0,s3,11d64 <_printf_i+0x344>
   11c98:	fff00513          	li	a0,-1
   11c9c:	03c12083          	lw	ra,60(sp)
   11ca0:	03812403          	lw	s0,56(sp)
   11ca4:	03412483          	lw	s1,52(sp)
   11ca8:	03012903          	lw	s2,48(sp)
   11cac:	02c12983          	lw	s3,44(sp)
   11cb0:	02812a03          	lw	s4,40(sp)
   11cb4:	02412a83          	lw	s5,36(sp)
   11cb8:	02012b03          	lw	s6,32(sp)
   11cbc:	01c12b83          	lw	s7,28(sp)
   11cc0:	01812c03          	lw	s8,24(sp)
   11cc4:	01412c83          	lw	s9,20(sp)
   11cc8:	04010113          	addi	sp,sp,64
   11ccc:	00008067          	ret
   11cd0:	00042783          	lw	a5,0(s0)
   11cd4:	fdf7f793          	andi	a5,a5,-33
   11cd8:	00f42023          	sw	a5,0(s0)
   11cdc:	f05ff06f          	j	11be0 <_printf_i+0x1c0>
   11ce0:	0005a683          	lw	a3,0(a1)
   11ce4:	00072783          	lw	a5,0(a4)
   11ce8:	0145a603          	lw	a2,20(a1)
   11cec:	0806f513          	andi	a0,a3,128
   11cf0:	00478593          	addi	a1,a5,4
   11cf4:	00050a63          	beqz	a0,11d08 <_printf_i+0x2e8>
   11cf8:	00b72023          	sw	a1,0(a4)
   11cfc:	0007a783          	lw	a5,0(a5)
   11d00:	00c7a023          	sw	a2,0(a5)
   11d04:	0180006f          	j	11d1c <_printf_i+0x2fc>
   11d08:	00b72023          	sw	a1,0(a4)
   11d0c:	0406f693          	andi	a3,a3,64
   11d10:	0007a783          	lw	a5,0(a5)
   11d14:	fe0686e3          	beqz	a3,11d00 <_printf_i+0x2e0>
   11d18:	00c79023          	sh	a2,0(a5)
   11d1c:	00042823          	sw	zero,16(s0)
   11d20:	000a8913          	mv	s2,s5
   11d24:	f55ff06f          	j	11c78 <_printf_i+0x258>
   11d28:	00072783          	lw	a5,0(a4)
   11d2c:	0045a603          	lw	a2,4(a1)
   11d30:	00000593          	li	a1,0
   11d34:	00478693          	addi	a3,a5,4
   11d38:	00d72023          	sw	a3,0(a4)
   11d3c:	0007a903          	lw	s2,0(a5)
   11d40:	00090513          	mv	a0,s2
   11d44:	1a5000ef          	jal	126e8 <memchr>
   11d48:	00050663          	beqz	a0,11d54 <_printf_i+0x334>
   11d4c:	41250533          	sub	a0,a0,s2
   11d50:	00a42223          	sw	a0,4(s0)
   11d54:	00442783          	lw	a5,4(s0)
   11d58:	00f42823          	sw	a5,16(s0)
   11d5c:	040401a3          	sb	zero,67(s0)
   11d60:	f19ff06f          	j	11c78 <_printf_i+0x258>
   11d64:	01042683          	lw	a3,16(s0)
   11d68:	00090613          	mv	a2,s2
   11d6c:	000c8593          	mv	a1,s9
   11d70:	000c0513          	mv	a0,s8
   11d74:	000a00e7          	jalr	s4
   11d78:	f33500e3          	beq	a0,s3,11c98 <_printf_i+0x278>
   11d7c:	00042783          	lw	a5,0(s0)
   11d80:	0027f793          	andi	a5,a5,2
   11d84:	04079463          	bnez	a5,11dcc <_printf_i+0x3ac>
   11d88:	00c12783          	lw	a5,12(sp)
   11d8c:	00c42503          	lw	a0,12(s0)
   11d90:	f0f556e3          	bge	a0,a5,11c9c <_printf_i+0x27c>
   11d94:	00078513          	mv	a0,a5
   11d98:	f05ff06f          	j	11c9c <_printf_i+0x27c>
   11d9c:	00100693          	li	a3,1
   11da0:	01940613          	addi	a2,s0,25
   11da4:	000c8593          	mv	a1,s9
   11da8:	000c0513          	mv	a0,s8
   11dac:	000a00e7          	jalr	s4
   11db0:	ef3504e3          	beq	a0,s3,11c98 <_printf_i+0x278>
   11db4:	00148493          	addi	s1,s1,1
   11db8:	00c42783          	lw	a5,12(s0)
   11dbc:	00c12703          	lw	a4,12(sp)
   11dc0:	40e787b3          	sub	a5,a5,a4
   11dc4:	fcf4cce3          	blt	s1,a5,11d9c <_printf_i+0x37c>
   11dc8:	fc1ff06f          	j	11d88 <_printf_i+0x368>
   11dcc:	00000493          	li	s1,0
   11dd0:	fe9ff06f          	j	11db8 <_printf_i+0x398>

00011dd4 <__sflush_r>:
   11dd4:	00c59783          	lh	a5,12(a1)
   11dd8:	fe010113          	addi	sp,sp,-32
   11ddc:	00812c23          	sw	s0,24(sp)
   11de0:	00912a23          	sw	s1,20(sp)
   11de4:	00112e23          	sw	ra,28(sp)
   11de8:	01212823          	sw	s2,16(sp)
   11dec:	0087f713          	andi	a4,a5,8
   11df0:	00050493          	mv	s1,a0
   11df4:	00058413          	mv	s0,a1
   11df8:	12071263          	bnez	a4,11f1c <__sflush_r+0x148>
   11dfc:	0045a703          	lw	a4,4(a1)
   11e00:	00e04663          	bgtz	a4,11e0c <__sflush_r+0x38>
   11e04:	0405a703          	lw	a4,64(a1)
   11e08:	10e05663          	blez	a4,11f14 <__sflush_r+0x140>
   11e0c:	02c42703          	lw	a4,44(s0)
   11e10:	10070263          	beqz	a4,11f14 <__sflush_r+0x140>
   11e14:	0004a903          	lw	s2,0(s1)
   11e18:	01379693          	slli	a3,a5,0x13
   11e1c:	0004a023          	sw	zero,0(s1)
   11e20:	0a06dc63          	bgez	a3,11ed8 <__sflush_r+0x104>
   11e24:	05442603          	lw	a2,84(s0)
   11e28:	00c45783          	lhu	a5,12(s0)
   11e2c:	0047f793          	andi	a5,a5,4
   11e30:	00078e63          	beqz	a5,11e4c <__sflush_r+0x78>
   11e34:	00442783          	lw	a5,4(s0)
   11e38:	40f60633          	sub	a2,a2,a5
   11e3c:	03442783          	lw	a5,52(s0)
   11e40:	00078663          	beqz	a5,11e4c <__sflush_r+0x78>
   11e44:	04042783          	lw	a5,64(s0)
   11e48:	40f60633          	sub	a2,a2,a5
   11e4c:	02c42783          	lw	a5,44(s0)
   11e50:	02042583          	lw	a1,32(s0)
   11e54:	00000693          	li	a3,0
   11e58:	00048513          	mv	a0,s1
   11e5c:	000780e7          	jalr	a5
   11e60:	fff00713          	li	a4,-1
   11e64:	00c41783          	lh	a5,12(s0)
   11e68:	02e51263          	bne	a0,a4,11e8c <__sflush_r+0xb8>
   11e6c:	0004a683          	lw	a3,0(s1)
   11e70:	01d00713          	li	a4,29
   11e74:	0ed76c63          	bltu	a4,a3,11f6c <__sflush_r+0x198>
   11e78:	20400737          	lui	a4,0x20400
   11e7c:	00170713          	addi	a4,a4,1 # 20400001 <__global_pointer$+0x203ebb49>
   11e80:	00d75733          	srl	a4,a4,a3
   11e84:	00177713          	andi	a4,a4,1
   11e88:	0e070263          	beqz	a4,11f6c <__sflush_r+0x198>
   11e8c:	01042703          	lw	a4,16(s0)
   11e90:	00042223          	sw	zero,4(s0)
   11e94:	00e42023          	sw	a4,0(s0)
   11e98:	01379713          	slli	a4,a5,0x13
   11e9c:	00075c63          	bgez	a4,11eb4 <__sflush_r+0xe0>
   11ea0:	fff00793          	li	a5,-1
   11ea4:	00f51663          	bne	a0,a5,11eb0 <__sflush_r+0xdc>
   11ea8:	0004a783          	lw	a5,0(s1)
   11eac:	00079463          	bnez	a5,11eb4 <__sflush_r+0xe0>
   11eb0:	04a42a23          	sw	a0,84(s0)
   11eb4:	03442583          	lw	a1,52(s0)
   11eb8:	0124a023          	sw	s2,0(s1)
   11ebc:	04058c63          	beqz	a1,11f14 <__sflush_r+0x140>
   11ec0:	04440793          	addi	a5,s0,68
   11ec4:	00f58663          	beq	a1,a5,11ed0 <__sflush_r+0xfc>
   11ec8:	00048513          	mv	a0,s1
   11ecc:	958ff0ef          	jal	11024 <_free_r>
   11ed0:	02042a23          	sw	zero,52(s0)
   11ed4:	0400006f          	j	11f14 <__sflush_r+0x140>
   11ed8:	02042583          	lw	a1,32(s0)
   11edc:	00000613          	li	a2,0
   11ee0:	00100693          	li	a3,1
   11ee4:	00048513          	mv	a0,s1
   11ee8:	000700e7          	jalr	a4
   11eec:	fff00793          	li	a5,-1
   11ef0:	00050613          	mv	a2,a0
   11ef4:	f2f51ae3          	bne	a0,a5,11e28 <__sflush_r+0x54>
   11ef8:	0004a783          	lw	a5,0(s1)
   11efc:	f20786e3          	beqz	a5,11e28 <__sflush_r+0x54>
   11f00:	fe378713          	addi	a4,a5,-29
   11f04:	00070663          	beqz	a4,11f10 <__sflush_r+0x13c>
   11f08:	fea78793          	addi	a5,a5,-22
   11f0c:	04079e63          	bnez	a5,11f68 <__sflush_r+0x194>
   11f10:	0124a023          	sw	s2,0(s1)
   11f14:	00000513          	li	a0,0
   11f18:	0600006f          	j	11f78 <__sflush_r+0x1a4>
   11f1c:	0105a603          	lw	a2,16(a1)
   11f20:	fe060ae3          	beqz	a2,11f14 <__sflush_r+0x140>
   11f24:	0005a683          	lw	a3,0(a1)
   11f28:	0037f793          	andi	a5,a5,3
   11f2c:	00c5a023          	sw	a2,0(a1)
   11f30:	40c68933          	sub	s2,a3,a2
   11f34:	00000713          	li	a4,0
   11f38:	00079463          	bnez	a5,11f40 <__sflush_r+0x16c>
   11f3c:	0145a703          	lw	a4,20(a1)
   11f40:	00e42423          	sw	a4,8(s0)
   11f44:	fd2058e3          	blez	s2,11f14 <__sflush_r+0x140>
   11f48:	02842783          	lw	a5,40(s0)
   11f4c:	02042583          	lw	a1,32(s0)
   11f50:	00090693          	mv	a3,s2
   11f54:	00048513          	mv	a0,s1
   11f58:	00c12623          	sw	a2,12(sp)
   11f5c:	000780e7          	jalr	a5
   11f60:	00c12603          	lw	a2,12(sp)
   11f64:	02a04663          	bgtz	a0,11f90 <__sflush_r+0x1bc>
   11f68:	00c45783          	lhu	a5,12(s0)
   11f6c:	0407e793          	ori	a5,a5,64
   11f70:	00f41623          	sh	a5,12(s0)
   11f74:	fff00513          	li	a0,-1
   11f78:	01c12083          	lw	ra,28(sp)
   11f7c:	01812403          	lw	s0,24(sp)
   11f80:	01412483          	lw	s1,20(sp)
   11f84:	01012903          	lw	s2,16(sp)
   11f88:	02010113          	addi	sp,sp,32
   11f8c:	00008067          	ret
   11f90:	00a60633          	add	a2,a2,a0
   11f94:	40a90933          	sub	s2,s2,a0
   11f98:	fadff06f          	j	11f44 <__sflush_r+0x170>

00011f9c <_fflush_r>:
   11f9c:	0105a783          	lw	a5,16(a1)
   11fa0:	ff010113          	addi	sp,sp,-16
   11fa4:	00112623          	sw	ra,12(sp)
   11fa8:	00812423          	sw	s0,8(sp)
   11fac:	00912223          	sw	s1,4(sp)
   11fb0:	02079063          	bnez	a5,11fd0 <_fflush_r+0x34>
   11fb4:	00000493          	li	s1,0
   11fb8:	00c12083          	lw	ra,12(sp)
   11fbc:	00812403          	lw	s0,8(sp)
   11fc0:	00048513          	mv	a0,s1
   11fc4:	00412483          	lw	s1,4(sp)
   11fc8:	01010113          	addi	sp,sp,16
   11fcc:	00008067          	ret
   11fd0:	00050493          	mv	s1,a0
   11fd4:	00058413          	mv	s0,a1
   11fd8:	00050863          	beqz	a0,11fe8 <_fflush_r+0x4c>
   11fdc:	02052783          	lw	a5,32(a0)
   11fe0:	00079463          	bnez	a5,11fe8 <_fflush_r+0x4c>
   11fe4:	f14fe0ef          	jal	106f8 <__sinit>
   11fe8:	00c41783          	lh	a5,12(s0)
   11fec:	fc0784e3          	beqz	a5,11fb4 <_fflush_r+0x18>
   11ff0:	06442703          	lw	a4,100(s0)
   11ff4:	00177713          	andi	a4,a4,1
   11ff8:	00071a63          	bnez	a4,1200c <_fflush_r+0x70>
   11ffc:	2007f793          	andi	a5,a5,512
   12000:	00079663          	bnez	a5,1200c <_fflush_r+0x70>
   12004:	05842503          	lw	a0,88(s0)
   12008:	d8dfe0ef          	jal	10d94 <__retarget_lock_acquire_recursive>
   1200c:	00048513          	mv	a0,s1
   12010:	00040593          	mv	a1,s0
   12014:	dc1ff0ef          	jal	11dd4 <__sflush_r>
   12018:	06442783          	lw	a5,100(s0)
   1201c:	00050493          	mv	s1,a0
   12020:	0017f793          	andi	a5,a5,1
   12024:	f8079ae3          	bnez	a5,11fb8 <_fflush_r+0x1c>
   12028:	00c45783          	lhu	a5,12(s0)
   1202c:	2007f793          	andi	a5,a5,512
   12030:	f80794e3          	bnez	a5,11fb8 <_fflush_r+0x1c>
   12034:	05842503          	lw	a0,88(s0)
   12038:	d75fe0ef          	jal	10dac <__retarget_lock_release_recursive>
   1203c:	f7dff06f          	j	11fb8 <_fflush_r+0x1c>

00012040 <fflush>:
   12040:	00050593          	mv	a1,a0
   12044:	02051063          	bnez	a0,12064 <fflush+0x24>
   12048:	00002617          	auipc	a2,0x2
   1204c:	c7060613          	addi	a2,a2,-912 # 13cb8 <__sglue>
   12050:	00000597          	auipc	a1,0x0
   12054:	f4c58593          	addi	a1,a1,-180 # 11f9c <_fflush_r>
   12058:	00002517          	auipc	a0,0x2
   1205c:	c6c50513          	addi	a0,a0,-916 # 13cc4 <_impure_data>
   12060:	f34fe06f          	j	10794 <_fwalk_sglue>
   12064:	85c1a503          	lw	a0,-1956(gp) # 13d14 <_impure_ptr>
   12068:	f35ff06f          	j	11f9c <_fflush_r>

0001206c <__sfvwrite_r>:
   1206c:	00862783          	lw	a5,8(a2)
   12070:	04079263          	bnez	a5,120b4 <__sfvwrite_r+0x48>
   12074:	00000513          	li	a0,0
   12078:	00008067          	ret
   1207c:	00000513          	li	a0,0
   12080:	02c12083          	lw	ra,44(sp)
   12084:	02812403          	lw	s0,40(sp)
   12088:	02412483          	lw	s1,36(sp)
   1208c:	02012903          	lw	s2,32(sp)
   12090:	01c12983          	lw	s3,28(sp)
   12094:	01812a03          	lw	s4,24(sp)
   12098:	01412a83          	lw	s5,20(sp)
   1209c:	01012b03          	lw	s6,16(sp)
   120a0:	00c12b83          	lw	s7,12(sp)
   120a4:	00812c03          	lw	s8,8(sp)
   120a8:	00412c83          	lw	s9,4(sp)
   120ac:	03010113          	addi	sp,sp,48
   120b0:	00008067          	ret
   120b4:	00c5d783          	lhu	a5,12(a1)
   120b8:	fd010113          	addi	sp,sp,-48
   120bc:	02812423          	sw	s0,40(sp)
   120c0:	01312e23          	sw	s3,28(sp)
   120c4:	01512a23          	sw	s5,20(sp)
   120c8:	02112623          	sw	ra,44(sp)
   120cc:	02912223          	sw	s1,36(sp)
   120d0:	03212023          	sw	s2,32(sp)
   120d4:	01412c23          	sw	s4,24(sp)
   120d8:	01612823          	sw	s6,16(sp)
   120dc:	01712623          	sw	s7,12(sp)
   120e0:	01812423          	sw	s8,8(sp)
   120e4:	01912223          	sw	s9,4(sp)
   120e8:	0087f793          	andi	a5,a5,8
   120ec:	00060a93          	mv	s5,a2
   120f0:	00058413          	mv	s0,a1
   120f4:	00050993          	mv	s3,a0
   120f8:	0e078263          	beqz	a5,121dc <__sfvwrite_r+0x170>
   120fc:	0105a783          	lw	a5,16(a1)
   12100:	0c078e63          	beqz	a5,121dc <__sfvwrite_r+0x170>
   12104:	00c41783          	lh	a5,12(s0)
   12108:	000aaa03          	lw	s4,0(s5)
   1210c:	0027f713          	andi	a4,a5,2
   12110:	12071c63          	bnez	a4,12248 <__sfvwrite_r+0x1dc>
   12114:	0017f793          	andi	a5,a5,1
   12118:	1e078263          	beqz	a5,122fc <__sfvwrite_r+0x290>
   1211c:	00000b93          	li	s7,0
   12120:	00000513          	li	a0,0
   12124:	00000b13          	li	s6,0
   12128:	00000913          	li	s2,0
   1212c:	32090a63          	beqz	s2,12460 <__sfvwrite_r+0x3f4>
   12130:	02051263          	bnez	a0,12154 <__sfvwrite_r+0xe8>
   12134:	00090613          	mv	a2,s2
   12138:	00a00593          	li	a1,10
   1213c:	000b0513          	mv	a0,s6
   12140:	5a8000ef          	jal	126e8 <memchr>
   12144:	00190b93          	addi	s7,s2,1
   12148:	00050663          	beqz	a0,12154 <__sfvwrite_r+0xe8>
   1214c:	00150513          	addi	a0,a0,1
   12150:	41650bb3          	sub	s7,a0,s6
   12154:	000b8c13          	mv	s8,s7
   12158:	01797463          	bgeu	s2,s7,12160 <__sfvwrite_r+0xf4>
   1215c:	00090c13          	mv	s8,s2
   12160:	01442683          	lw	a3,20(s0)
   12164:	00842483          	lw	s1,8(s0)
   12168:	00042503          	lw	a0,0(s0)
   1216c:	01042783          	lw	a5,16(s0)
   12170:	009684b3          	add	s1,a3,s1
   12174:	30a7f063          	bgeu	a5,a0,12474 <__sfvwrite_r+0x408>
   12178:	2f84de63          	bge	s1,s8,12474 <__sfvwrite_r+0x408>
   1217c:	000b0593          	mv	a1,s6
   12180:	00048613          	mv	a2,s1
   12184:	5c8000ef          	jal	1274c <memmove>
   12188:	00042783          	lw	a5,0(s0)
   1218c:	00040593          	mv	a1,s0
   12190:	00098513          	mv	a0,s3
   12194:	009787b3          	add	a5,a5,s1
   12198:	00f42023          	sw	a5,0(s0)
   1219c:	e01ff0ef          	jal	11f9c <_fflush_r>
   121a0:	14051663          	bnez	a0,122ec <__sfvwrite_r+0x280>
   121a4:	409b8bb3          	sub	s7,s7,s1
   121a8:	00100513          	li	a0,1
   121ac:	000b9a63          	bnez	s7,121c0 <__sfvwrite_r+0x154>
   121b0:	00040593          	mv	a1,s0
   121b4:	00098513          	mv	a0,s3
   121b8:	de5ff0ef          	jal	11f9c <_fflush_r>
   121bc:	12051863          	bnez	a0,122ec <__sfvwrite_r+0x280>
   121c0:	008aa783          	lw	a5,8(s5)
   121c4:	409787b3          	sub	a5,a5,s1
   121c8:	00faa423          	sw	a5,8(s5)
   121cc:	ea0788e3          	beqz	a5,1207c <__sfvwrite_r+0x10>
   121d0:	009b0b33          	add	s6,s6,s1
   121d4:	40990933          	sub	s2,s2,s1
   121d8:	f55ff06f          	j	1212c <__sfvwrite_r+0xc0>
   121dc:	00040593          	mv	a1,s0
   121e0:	00098513          	mv	a0,s3
   121e4:	3ec000ef          	jal	125d0 <__swsetup_r>
   121e8:	f0050ee3          	beqz	a0,12104 <__sfvwrite_r+0x98>
   121ec:	fff00513          	li	a0,-1
   121f0:	e91ff06f          	j	12080 <__sfvwrite_r+0x14>
   121f4:	000a2903          	lw	s2,0(s4)
   121f8:	004a2483          	lw	s1,4(s4)
   121fc:	008a0a13          	addi	s4,s4,8
   12200:	fe048ae3          	beqz	s1,121f4 <__sfvwrite_r+0x188>
   12204:	00048693          	mv	a3,s1
   12208:	009b7663          	bgeu	s6,s1,12214 <__sfvwrite_r+0x1a8>
   1220c:	800006b7          	lui	a3,0x80000
   12210:	c0068693          	addi	a3,a3,-1024 # 7ffffc00 <__global_pointer$+0x7ffeb748>
   12214:	02842783          	lw	a5,40(s0)
   12218:	02042583          	lw	a1,32(s0)
   1221c:	00090613          	mv	a2,s2
   12220:	00098513          	mv	a0,s3
   12224:	000780e7          	jalr	a5
   12228:	0ca05263          	blez	a0,122ec <__sfvwrite_r+0x280>
   1222c:	008aa783          	lw	a5,8(s5)
   12230:	40a787b3          	sub	a5,a5,a0
   12234:	00faa423          	sw	a5,8(s5)
   12238:	e40782e3          	beqz	a5,1207c <__sfvwrite_r+0x10>
   1223c:	00a90933          	add	s2,s2,a0
   12240:	40a484b3          	sub	s1,s1,a0
   12244:	fbdff06f          	j	12200 <__sfvwrite_r+0x194>
   12248:	80000b37          	lui	s6,0x80000
   1224c:	00000913          	li	s2,0
   12250:	00000493          	li	s1,0
   12254:	c00b0b13          	addi	s6,s6,-1024 # 7ffffc00 <__global_pointer$+0x7ffeb748>
   12258:	fa9ff06f          	j	12200 <__sfvwrite_r+0x194>
   1225c:	000a2b03          	lw	s6,0(s4)
   12260:	004a2483          	lw	s1,4(s4)
   12264:	008a0a13          	addi	s4,s4,8
   12268:	fe048ae3          	beqz	s1,1225c <__sfvwrite_r+0x1f0>
   1226c:	00c41783          	lh	a5,12(s0)
   12270:	00842c03          	lw	s8,8(s0)
   12274:	00042503          	lw	a0,0(s0)
   12278:	2007f713          	andi	a4,a5,512
   1227c:	14070a63          	beqz	a4,123d0 <__sfvwrite_r+0x364>
   12280:	000c0c93          	mv	s9,s8
   12284:	1384ee63          	bltu	s1,s8,123c0 <__sfvwrite_r+0x354>
   12288:	4807f713          	andi	a4,a5,1152
   1228c:	12070e63          	beqz	a4,123c8 <__sfvwrite_r+0x35c>
   12290:	01442683          	lw	a3,20(s0)
   12294:	01042583          	lw	a1,16(s0)
   12298:	00169713          	slli	a4,a3,0x1
   1229c:	00d70733          	add	a4,a4,a3
   122a0:	01f75913          	srli	s2,a4,0x1f
   122a4:	40b50cb3          	sub	s9,a0,a1
   122a8:	00e90933          	add	s2,s2,a4
   122ac:	001c8713          	addi	a4,s9,1
   122b0:	40195913          	srai	s2,s2,0x1
   122b4:	00970733          	add	a4,a4,s1
   122b8:	00090613          	mv	a2,s2
   122bc:	00e97663          	bgeu	s2,a4,122c8 <__sfvwrite_r+0x25c>
   122c0:	00070913          	mv	s2,a4
   122c4:	00070613          	mv	a2,a4
   122c8:	4007f793          	andi	a5,a5,1024
   122cc:	0c078463          	beqz	a5,12394 <__sfvwrite_r+0x328>
   122d0:	00060593          	mv	a1,a2
   122d4:	00098513          	mv	a0,s3
   122d8:	ec9fe0ef          	jal	111a0 <_malloc_r>
   122dc:	00050c13          	mv	s8,a0
   122e0:	02051863          	bnez	a0,12310 <__sfvwrite_r+0x2a4>
   122e4:	00c00793          	li	a5,12
   122e8:	00f9a023          	sw	a5,0(s3)
   122ec:	00c45783          	lhu	a5,12(s0)
   122f0:	0407e793          	ori	a5,a5,64
   122f4:	00f41623          	sh	a5,12(s0)
   122f8:	ef5ff06f          	j	121ec <__sfvwrite_r+0x180>
   122fc:	80000bb7          	lui	s7,0x80000
   12300:	00000b13          	li	s6,0
   12304:	00000493          	li	s1,0
   12308:	fffb8b93          	addi	s7,s7,-1 # 7fffffff <__global_pointer$+0x7ffebb47>
   1230c:	f5dff06f          	j	12268 <__sfvwrite_r+0x1fc>
   12310:	01042583          	lw	a1,16(s0)
   12314:	000c8613          	mv	a2,s9
   12318:	ab5fe0ef          	jal	10dcc <memcpy>
   1231c:	00c45783          	lhu	a5,12(s0)
   12320:	b7f7f793          	andi	a5,a5,-1153
   12324:	0807e793          	ori	a5,a5,128
   12328:	00f41623          	sh	a5,12(s0)
   1232c:	01842823          	sw	s8,16(s0)
   12330:	01242a23          	sw	s2,20(s0)
   12334:	019c0c33          	add	s8,s8,s9
   12338:	41990933          	sub	s2,s2,s9
   1233c:	01842023          	sw	s8,0(s0)
   12340:	01242423          	sw	s2,8(s0)
   12344:	00048c13          	mv	s8,s1
   12348:	00048913          	mv	s2,s1
   1234c:	00048c93          	mv	s9,s1
   12350:	00042503          	lw	a0,0(s0)
   12354:	000c8613          	mv	a2,s9
   12358:	000b0593          	mv	a1,s6
   1235c:	3f0000ef          	jal	1274c <memmove>
   12360:	00842783          	lw	a5,8(s0)
   12364:	418787b3          	sub	a5,a5,s8
   12368:	00f42423          	sw	a5,8(s0)
   1236c:	00042783          	lw	a5,0(s0)
   12370:	019787b3          	add	a5,a5,s9
   12374:	00f42023          	sw	a5,0(s0)
   12378:	008aa783          	lw	a5,8(s5)
   1237c:	412787b3          	sub	a5,a5,s2
   12380:	00faa423          	sw	a5,8(s5)
   12384:	ce078ce3          	beqz	a5,1207c <__sfvwrite_r+0x10>
   12388:	012b0b33          	add	s6,s6,s2
   1238c:	412484b3          	sub	s1,s1,s2
   12390:	ed9ff06f          	j	12268 <__sfvwrite_r+0x1fc>
   12394:	00098513          	mv	a0,s3
   12398:	3f0000ef          	jal	12788 <_realloc_r>
   1239c:	00050c13          	mv	s8,a0
   123a0:	f80516e3          	bnez	a0,1232c <__sfvwrite_r+0x2c0>
   123a4:	01042583          	lw	a1,16(s0)
   123a8:	00098513          	mv	a0,s3
   123ac:	c79fe0ef          	jal	11024 <_free_r>
   123b0:	00c45783          	lhu	a5,12(s0)
   123b4:	f7f7f793          	andi	a5,a5,-129
   123b8:	00f41623          	sh	a5,12(s0)
   123bc:	f29ff06f          	j	122e4 <__sfvwrite_r+0x278>
   123c0:	00048c13          	mv	s8,s1
   123c4:	f85ff06f          	j	12348 <__sfvwrite_r+0x2dc>
   123c8:	00048913          	mv	s2,s1
   123cc:	f85ff06f          	j	12350 <__sfvwrite_r+0x2e4>
   123d0:	01042783          	lw	a5,16(s0)
   123d4:	00a7e663          	bltu	a5,a0,123e0 <__sfvwrite_r+0x374>
   123d8:	01442583          	lw	a1,20(s0)
   123dc:	04b4f663          	bgeu	s1,a1,12428 <__sfvwrite_r+0x3bc>
   123e0:	000c0913          	mv	s2,s8
   123e4:	0184f463          	bgeu	s1,s8,123ec <__sfvwrite_r+0x380>
   123e8:	00048913          	mv	s2,s1
   123ec:	00090613          	mv	a2,s2
   123f0:	000b0593          	mv	a1,s6
   123f4:	358000ef          	jal	1274c <memmove>
   123f8:	00842783          	lw	a5,8(s0)
   123fc:	00042703          	lw	a4,0(s0)
   12400:	412787b3          	sub	a5,a5,s2
   12404:	01270733          	add	a4,a4,s2
   12408:	00f42423          	sw	a5,8(s0)
   1240c:	00e42023          	sw	a4,0(s0)
   12410:	f60794e3          	bnez	a5,12378 <__sfvwrite_r+0x30c>
   12414:	00040593          	mv	a1,s0
   12418:	00098513          	mv	a0,s3
   1241c:	b81ff0ef          	jal	11f9c <_fflush_r>
   12420:	f4050ce3          	beqz	a0,12378 <__sfvwrite_r+0x30c>
   12424:	ec9ff06f          	j	122ec <__sfvwrite_r+0x280>
   12428:	00048913          	mv	s2,s1
   1242c:	009bf463          	bgeu	s7,s1,12434 <__sfvwrite_r+0x3c8>
   12430:	000b8913          	mv	s2,s7
   12434:	00090513          	mv	a0,s2
   12438:	688000ef          	jal	12ac0 <__modsi3>
   1243c:	02842783          	lw	a5,40(s0)
   12440:	02042583          	lw	a1,32(s0)
   12444:	40a906b3          	sub	a3,s2,a0
   12448:	000b0613          	mv	a2,s6
   1244c:	00098513          	mv	a0,s3
   12450:	000780e7          	jalr	a5
   12454:	00050913          	mv	s2,a0
   12458:	f2a040e3          	bgtz	a0,12378 <__sfvwrite_r+0x30c>
   1245c:	e91ff06f          	j	122ec <__sfvwrite_r+0x280>
   12460:	000a2b03          	lw	s6,0(s4)
   12464:	004a2903          	lw	s2,4(s4)
   12468:	00000513          	li	a0,0
   1246c:	008a0a13          	addi	s4,s4,8
   12470:	cbdff06f          	j	1212c <__sfvwrite_r+0xc0>
   12474:	02dc4263          	blt	s8,a3,12498 <__sfvwrite_r+0x42c>
   12478:	02842783          	lw	a5,40(s0)
   1247c:	02042583          	lw	a1,32(s0)
   12480:	000b0613          	mv	a2,s6
   12484:	00098513          	mv	a0,s3
   12488:	000780e7          	jalr	a5
   1248c:	00050493          	mv	s1,a0
   12490:	d0a04ae3          	bgtz	a0,121a4 <__sfvwrite_r+0x138>
   12494:	e59ff06f          	j	122ec <__sfvwrite_r+0x280>
   12498:	000c0613          	mv	a2,s8
   1249c:	000b0593          	mv	a1,s6
   124a0:	2ac000ef          	jal	1274c <memmove>
   124a4:	00842783          	lw	a5,8(s0)
   124a8:	000c0493          	mv	s1,s8
   124ac:	418787b3          	sub	a5,a5,s8
   124b0:	00f42423          	sw	a5,8(s0)
   124b4:	00042783          	lw	a5,0(s0)
   124b8:	018787b3          	add	a5,a5,s8
   124bc:	00f42023          	sw	a5,0(s0)
   124c0:	ce5ff06f          	j	121a4 <__sfvwrite_r+0x138>

000124c4 <__swbuf_r>:
   124c4:	fe010113          	addi	sp,sp,-32
   124c8:	00812c23          	sw	s0,24(sp)
   124cc:	00912a23          	sw	s1,20(sp)
   124d0:	01312623          	sw	s3,12(sp)
   124d4:	00112e23          	sw	ra,28(sp)
   124d8:	01212823          	sw	s2,16(sp)
   124dc:	00050493          	mv	s1,a0
   124e0:	00058993          	mv	s3,a1
   124e4:	00060413          	mv	s0,a2
   124e8:	00050863          	beqz	a0,124f8 <__swbuf_r+0x34>
   124ec:	02052783          	lw	a5,32(a0)
   124f0:	00079463          	bnez	a5,124f8 <__swbuf_r+0x34>
   124f4:	a04fe0ef          	jal	106f8 <__sinit>
   124f8:	01842783          	lw	a5,24(s0)
   124fc:	00f42423          	sw	a5,8(s0)
   12500:	00c45783          	lhu	a5,12(s0)
   12504:	0087f793          	andi	a5,a5,8
   12508:	00078663          	beqz	a5,12514 <__swbuf_r+0x50>
   1250c:	01042783          	lw	a5,16(s0)
   12510:	02079c63          	bnez	a5,12548 <__swbuf_r+0x84>
   12514:	00040593          	mv	a1,s0
   12518:	00048513          	mv	a0,s1
   1251c:	0b4000ef          	jal	125d0 <__swsetup_r>
   12520:	02050463          	beqz	a0,12548 <__swbuf_r+0x84>
   12524:	fff00913          	li	s2,-1
   12528:	01c12083          	lw	ra,28(sp)
   1252c:	01812403          	lw	s0,24(sp)
   12530:	01412483          	lw	s1,20(sp)
   12534:	00c12983          	lw	s3,12(sp)
   12538:	00090513          	mv	a0,s2
   1253c:	01012903          	lw	s2,16(sp)
   12540:	02010113          	addi	sp,sp,32
   12544:	00008067          	ret
   12548:	01042783          	lw	a5,16(s0)
   1254c:	00042503          	lw	a0,0(s0)
   12550:	40f50533          	sub	a0,a0,a5
   12554:	01442783          	lw	a5,20(s0)
   12558:	00f54a63          	blt	a0,a5,1256c <__swbuf_r+0xa8>
   1255c:	00040593          	mv	a1,s0
   12560:	00048513          	mv	a0,s1
   12564:	a39ff0ef          	jal	11f9c <_fflush_r>
   12568:	fa051ee3          	bnez	a0,12524 <__swbuf_r+0x60>
   1256c:	00842783          	lw	a5,8(s0)
   12570:	00150513          	addi	a0,a0,1
   12574:	0ff9f913          	zext.b	s2,s3
   12578:	fff78793          	addi	a5,a5,-1
   1257c:	00f42423          	sw	a5,8(s0)
   12580:	00042783          	lw	a5,0(s0)
   12584:	00178713          	addi	a4,a5,1
   12588:	00e42023          	sw	a4,0(s0)
   1258c:	01378023          	sb	s3,0(a5)
   12590:	01442783          	lw	a5,20(s0)
   12594:	00a78c63          	beq	a5,a0,125ac <__swbuf_r+0xe8>
   12598:	00c45783          	lhu	a5,12(s0)
   1259c:	0017f793          	andi	a5,a5,1
   125a0:	f80784e3          	beqz	a5,12528 <__swbuf_r+0x64>
   125a4:	ff690793          	addi	a5,s2,-10
   125a8:	f80790e3          	bnez	a5,12528 <__swbuf_r+0x64>
   125ac:	00040593          	mv	a1,s0
   125b0:	00048513          	mv	a0,s1
   125b4:	9e9ff0ef          	jal	11f9c <_fflush_r>
   125b8:	f60508e3          	beqz	a0,12528 <__swbuf_r+0x64>
   125bc:	f69ff06f          	j	12524 <__swbuf_r+0x60>

000125c0 <__swbuf>:
   125c0:	00058613          	mv	a2,a1
   125c4:	00050593          	mv	a1,a0
   125c8:	85c1a503          	lw	a0,-1956(gp) # 13d14 <_impure_ptr>
   125cc:	ef9ff06f          	j	124c4 <__swbuf_r>

000125d0 <__swsetup_r>:
   125d0:	ff010113          	addi	sp,sp,-16
   125d4:	00912223          	sw	s1,4(sp)
   125d8:	00050493          	mv	s1,a0
   125dc:	85c1a503          	lw	a0,-1956(gp) # 13d14 <_impure_ptr>
   125e0:	00812423          	sw	s0,8(sp)
   125e4:	00112623          	sw	ra,12(sp)
   125e8:	00058413          	mv	s0,a1
   125ec:	00050863          	beqz	a0,125fc <__swsetup_r+0x2c>
   125f0:	02052783          	lw	a5,32(a0)
   125f4:	00079463          	bnez	a5,125fc <__swsetup_r+0x2c>
   125f8:	900fe0ef          	jal	106f8 <__sinit>
   125fc:	00c41783          	lh	a5,12(s0)
   12600:	0087f713          	andi	a4,a5,8
   12604:	06071263          	bnez	a4,12668 <__swsetup_r+0x98>
   12608:	0107f713          	andi	a4,a5,16
   1260c:	00071e63          	bnez	a4,12628 <__swsetup_r+0x58>
   12610:	00900713          	li	a4,9
   12614:	00e4a023          	sw	a4,0(s1)
   12618:	0407e793          	ori	a5,a5,64
   1261c:	00f41623          	sh	a5,12(s0)
   12620:	fff00513          	li	a0,-1
   12624:	0980006f          	j	126bc <__swsetup_r+0xec>
   12628:	0047f713          	andi	a4,a5,4
   1262c:	02070a63          	beqz	a4,12660 <__swsetup_r+0x90>
   12630:	03442583          	lw	a1,52(s0)
   12634:	00058c63          	beqz	a1,1264c <__swsetup_r+0x7c>
   12638:	04440793          	addi	a5,s0,68
   1263c:	00f58663          	beq	a1,a5,12648 <__swsetup_r+0x78>
   12640:	00048513          	mv	a0,s1
   12644:	9e1fe0ef          	jal	11024 <_free_r>
   12648:	02042a23          	sw	zero,52(s0)
   1264c:	00c45783          	lhu	a5,12(s0)
   12650:	01042703          	lw	a4,16(s0)
   12654:	00042223          	sw	zero,4(s0)
   12658:	fdb7f793          	andi	a5,a5,-37
   1265c:	00e42023          	sw	a4,0(s0)
   12660:	0087e793          	ori	a5,a5,8
   12664:	00f41623          	sh	a5,12(s0)
   12668:	01042783          	lw	a5,16(s0)
   1266c:	02079063          	bnez	a5,1268c <__swsetup_r+0xbc>
   12670:	00c42783          	lw	a5,12(s0)
   12674:	20000713          	li	a4,512
   12678:	2807f793          	andi	a5,a5,640
   1267c:	00e78863          	beq	a5,a4,1268c <__swsetup_r+0xbc>
   12680:	00040593          	mv	a1,s0
   12684:	00048513          	mv	a0,s1
   12688:	248000ef          	jal	128d0 <__smakebuf_r>
   1268c:	00c41783          	lh	a5,12(s0)
   12690:	0017f713          	andi	a4,a5,1
   12694:	02070e63          	beqz	a4,126d0 <__swsetup_r+0x100>
   12698:	01442703          	lw	a4,20(s0)
   1269c:	00042423          	sw	zero,8(s0)
   126a0:	40e00733          	neg	a4,a4
   126a4:	00e42c23          	sw	a4,24(s0)
   126a8:	01042703          	lw	a4,16(s0)
   126ac:	00000513          	li	a0,0
   126b0:	00071663          	bnez	a4,126bc <__swsetup_r+0xec>
   126b4:	0807f713          	andi	a4,a5,128
   126b8:	f60710e3          	bnez	a4,12618 <__swsetup_r+0x48>
   126bc:	00c12083          	lw	ra,12(sp)
   126c0:	00812403          	lw	s0,8(sp)
   126c4:	00412483          	lw	s1,4(sp)
   126c8:	01010113          	addi	sp,sp,16
   126cc:	00008067          	ret
   126d0:	0027f713          	andi	a4,a5,2
   126d4:	00000693          	li	a3,0
   126d8:	00071463          	bnez	a4,126e0 <__swsetup_r+0x110>
   126dc:	01442683          	lw	a3,20(s0)
   126e0:	00d42423          	sw	a3,8(s0)
   126e4:	fc5ff06f          	j	126a8 <__swsetup_r+0xd8>

000126e8 <memchr>:
   126e8:	0ff5f593          	zext.b	a1,a1
   126ec:	00c50633          	add	a2,a0,a2
   126f0:	00c51663          	bne	a0,a2,126fc <memchr+0x14>
   126f4:	00000513          	li	a0,0
   126f8:	00008067          	ret
   126fc:	00054783          	lbu	a5,0(a0)
   12700:	feb78ce3          	beq	a5,a1,126f8 <memchr+0x10>
   12704:	00150513          	addi	a0,a0,1
   12708:	fe9ff06f          	j	126f0 <memchr+0x8>

0001270c <_sbrk_r>:
   1270c:	ff010113          	addi	sp,sp,-16
   12710:	00812423          	sw	s0,8(sp)
   12714:	00050413          	mv	s0,a0
   12718:	00058513          	mv	a0,a1
   1271c:	8601a823          	sw	zero,-1936(gp) # 13d28 <errno>
   12720:	00112623          	sw	ra,12(sp)
   12724:	41c000ef          	jal	12b40 <_sbrk>
   12728:	fff00793          	li	a5,-1
   1272c:	00f51863          	bne	a0,a5,1273c <_sbrk_r+0x30>
   12730:	8701a783          	lw	a5,-1936(gp) # 13d28 <errno>
   12734:	00078463          	beqz	a5,1273c <_sbrk_r+0x30>
   12738:	00f42023          	sw	a5,0(s0)
   1273c:	00c12083          	lw	ra,12(sp)
   12740:	00812403          	lw	s0,8(sp)
   12744:	01010113          	addi	sp,sp,16
   12748:	00008067          	ret

0001274c <memmove>:
   1274c:	02060c63          	beqz	a2,12784 <memmove+0x38>
   12750:	00050313          	mv	t1,a0
   12754:	00100693          	li	a3,1
   12758:	00b56a63          	bltu	a0,a1,1276c <memmove+0x20>
   1275c:	fff00693          	li	a3,-1
   12760:	fff60713          	addi	a4,a2,-1
   12764:	00e30333          	add	t1,t1,a4
   12768:	00e585b3          	add	a1,a1,a4
   1276c:	00058383          	lb	t2,0(a1)
   12770:	00730023          	sb	t2,0(t1)
   12774:	fff60613          	addi	a2,a2,-1
   12778:	00d30333          	add	t1,t1,a3
   1277c:	00d585b3          	add	a1,a1,a3
   12780:	fe0616e3          	bnez	a2,1276c <memmove+0x20>
   12784:	00008067          	ret

00012788 <_realloc_r>:
   12788:	00059663          	bnez	a1,12794 <_realloc_r+0xc>
   1278c:	00060593          	mv	a1,a2
   12790:	a11fe06f          	j	111a0 <_malloc_r>
   12794:	fe010113          	addi	sp,sp,-32
   12798:	00812c23          	sw	s0,24(sp)
   1279c:	01412423          	sw	s4,8(sp)
   127a0:	00112e23          	sw	ra,28(sp)
   127a4:	00912a23          	sw	s1,20(sp)
   127a8:	01212823          	sw	s2,16(sp)
   127ac:	01312623          	sw	s3,12(sp)
   127b0:	00060413          	mv	s0,a2
   127b4:	00050a13          	mv	s4,a0
   127b8:	02061863          	bnez	a2,127e8 <_realloc_r+0x60>
   127bc:	869fe0ef          	jal	11024 <_free_r>
   127c0:	00000493          	li	s1,0
   127c4:	01c12083          	lw	ra,28(sp)
   127c8:	01812403          	lw	s0,24(sp)
   127cc:	01012903          	lw	s2,16(sp)
   127d0:	00c12983          	lw	s3,12(sp)
   127d4:	00812a03          	lw	s4,8(sp)
   127d8:	00048513          	mv	a0,s1
   127dc:	01412483          	lw	s1,20(sp)
   127e0:	02010113          	addi	sp,sp,32
   127e4:	00008067          	ret
   127e8:	00058493          	mv	s1,a1
   127ec:	234000ef          	jal	12a20 <_malloc_usable_size_r>
   127f0:	00050913          	mv	s2,a0
   127f4:	00856663          	bltu	a0,s0,12800 <_realloc_r+0x78>
   127f8:	00155793          	srli	a5,a0,0x1
   127fc:	fc87e4e3          	bltu	a5,s0,127c4 <_realloc_r+0x3c>
   12800:	00040593          	mv	a1,s0
   12804:	000a0513          	mv	a0,s4
   12808:	999fe0ef          	jal	111a0 <_malloc_r>
   1280c:	00050993          	mv	s3,a0
   12810:	00051663          	bnez	a0,1281c <_realloc_r+0x94>
   12814:	00098493          	mv	s1,s3
   12818:	fadff06f          	j	127c4 <_realloc_r+0x3c>
   1281c:	00040613          	mv	a2,s0
   12820:	00897463          	bgeu	s2,s0,12828 <_realloc_r+0xa0>
   12824:	00090613          	mv	a2,s2
   12828:	00048593          	mv	a1,s1
   1282c:	00098513          	mv	a0,s3
   12830:	d9cfe0ef          	jal	10dcc <memcpy>
   12834:	00048593          	mv	a1,s1
   12838:	000a0513          	mv	a0,s4
   1283c:	fe8fe0ef          	jal	11024 <_free_r>
   12840:	fd5ff06f          	j	12814 <_realloc_r+0x8c>

00012844 <__swhatbuf_r>:
   12844:	f8010113          	addi	sp,sp,-128
   12848:	06812c23          	sw	s0,120(sp)
   1284c:	00058413          	mv	s0,a1
   12850:	00e59583          	lh	a1,14(a1)
   12854:	06912a23          	sw	s1,116(sp)
   12858:	06112e23          	sw	ra,124(sp)
   1285c:	00060493          	mv	s1,a2
   12860:	0205da63          	bgez	a1,12894 <__swhatbuf_r+0x50>
   12864:	00c45783          	lhu	a5,12(s0)
   12868:	0807f793          	andi	a5,a5,128
   1286c:	04079c63          	bnez	a5,128c4 <__swhatbuf_r+0x80>
   12870:	40000713          	li	a4,1024
   12874:	07c12083          	lw	ra,124(sp)
   12878:	07812403          	lw	s0,120(sp)
   1287c:	00f6a023          	sw	a5,0(a3)
   12880:	00e4a023          	sw	a4,0(s1)
   12884:	00000513          	li	a0,0
   12888:	07412483          	lw	s1,116(sp)
   1288c:	08010113          	addi	sp,sp,128
   12890:	00008067          	ret
   12894:	01810613          	addi	a2,sp,24
   12898:	00d12623          	sw	a3,12(sp)
   1289c:	100000ef          	jal	1299c <_fstat_r>
   128a0:	00c12683          	lw	a3,12(sp)
   128a4:	fc0540e3          	bltz	a0,12864 <__swhatbuf_r+0x20>
   128a8:	01c12783          	lw	a5,28(sp)
   128ac:	0000f737          	lui	a4,0xf
   128b0:	00e7f7b3          	and	a5,a5,a4
   128b4:	ffffe737          	lui	a4,0xffffe
   128b8:	00e787b3          	add	a5,a5,a4
   128bc:	0017b793          	seqz	a5,a5
   128c0:	fb1ff06f          	j	12870 <__swhatbuf_r+0x2c>
   128c4:	00000793          	li	a5,0
   128c8:	04000713          	li	a4,64
   128cc:	fa9ff06f          	j	12874 <__swhatbuf_r+0x30>

000128d0 <__smakebuf_r>:
   128d0:	00c5d703          	lhu	a4,12(a1)
   128d4:	fd010113          	addi	sp,sp,-48
   128d8:	02812423          	sw	s0,40(sp)
   128dc:	02112623          	sw	ra,44(sp)
   128e0:	02912223          	sw	s1,36(sp)
   128e4:	00277713          	andi	a4,a4,2
   128e8:	00058413          	mv	s0,a1
   128ec:	02070663          	beqz	a4,12918 <__smakebuf_r+0x48>
   128f0:	04740793          	addi	a5,s0,71
   128f4:	00f42023          	sw	a5,0(s0)
   128f8:	00f42823          	sw	a5,16(s0)
   128fc:	00100793          	li	a5,1
   12900:	00f42a23          	sw	a5,20(s0)
   12904:	02c12083          	lw	ra,44(sp)
   12908:	02812403          	lw	s0,40(sp)
   1290c:	02412483          	lw	s1,36(sp)
   12910:	03010113          	addi	sp,sp,48
   12914:	00008067          	ret
   12918:	01c10693          	addi	a3,sp,28
   1291c:	01810613          	addi	a2,sp,24
   12920:	00050493          	mv	s1,a0
   12924:	f21ff0ef          	jal	12844 <__swhatbuf_r>
   12928:	01812583          	lw	a1,24(sp)
   1292c:	00048513          	mv	a0,s1
   12930:	00b12623          	sw	a1,12(sp)
   12934:	86dfe0ef          	jal	111a0 <_malloc_r>
   12938:	00c41783          	lh	a5,12(s0)
   1293c:	00c12583          	lw	a1,12(sp)
   12940:	00051e63          	bnez	a0,1295c <__smakebuf_r+0x8c>
   12944:	2007f713          	andi	a4,a5,512
   12948:	fa071ee3          	bnez	a4,12904 <__smakebuf_r+0x34>
   1294c:	ffc7f793          	andi	a5,a5,-4
   12950:	0027e793          	ori	a5,a5,2
   12954:	00f41623          	sh	a5,12(s0)
   12958:	f99ff06f          	j	128f0 <__smakebuf_r+0x20>
   1295c:	0807e793          	ori	a5,a5,128
   12960:	00f41623          	sh	a5,12(s0)
   12964:	01c12783          	lw	a5,28(sp)
   12968:	00a42023          	sw	a0,0(s0)
   1296c:	00a42823          	sw	a0,16(s0)
   12970:	00b42a23          	sw	a1,20(s0)
   12974:	f80788e3          	beqz	a5,12904 <__smakebuf_r+0x34>
   12978:	00e41583          	lh	a1,14(s0)
   1297c:	00048513          	mv	a0,s1
   12980:	060000ef          	jal	129e0 <_isatty_r>
   12984:	f80500e3          	beqz	a0,12904 <__smakebuf_r+0x34>
   12988:	00c45783          	lhu	a5,12(s0)
   1298c:	ffc7f793          	andi	a5,a5,-4
   12990:	0017e793          	ori	a5,a5,1
   12994:	00f41623          	sh	a5,12(s0)
   12998:	f6dff06f          	j	12904 <__smakebuf_r+0x34>

0001299c <_fstat_r>:
   1299c:	ff010113          	addi	sp,sp,-16
   129a0:	00812423          	sw	s0,8(sp)
   129a4:	00050413          	mv	s0,a0
   129a8:	00058513          	mv	a0,a1
   129ac:	00060593          	mv	a1,a2
   129b0:	8601a823          	sw	zero,-1936(gp) # 13d28 <errno>
   129b4:	00112623          	sw	ra,12(sp)
   129b8:	148000ef          	jal	12b00 <_fstat>
   129bc:	fff00793          	li	a5,-1
   129c0:	00f51863          	bne	a0,a5,129d0 <_fstat_r+0x34>
   129c4:	8701a783          	lw	a5,-1936(gp) # 13d28 <errno>
   129c8:	00078463          	beqz	a5,129d0 <_fstat_r+0x34>
   129cc:	00f42023          	sw	a5,0(s0)
   129d0:	00c12083          	lw	ra,12(sp)
   129d4:	00812403          	lw	s0,8(sp)
   129d8:	01010113          	addi	sp,sp,16
   129dc:	00008067          	ret

000129e0 <_isatty_r>:
   129e0:	ff010113          	addi	sp,sp,-16
   129e4:	00812423          	sw	s0,8(sp)
   129e8:	00050413          	mv	s0,a0
   129ec:	00058513          	mv	a0,a1
   129f0:	8601a823          	sw	zero,-1936(gp) # 13d28 <errno>
   129f4:	00112623          	sw	ra,12(sp)
   129f8:	118000ef          	jal	12b10 <_isatty>
   129fc:	fff00793          	li	a5,-1
   12a00:	00f51863          	bne	a0,a5,12a10 <_isatty_r+0x30>
   12a04:	8701a783          	lw	a5,-1936(gp) # 13d28 <errno>
   12a08:	00078463          	beqz	a5,12a10 <_isatty_r+0x30>
   12a0c:	00f42023          	sw	a5,0(s0)
   12a10:	00c12083          	lw	ra,12(sp)
   12a14:	00812403          	lw	s0,8(sp)
   12a18:	01010113          	addi	sp,sp,16
   12a1c:	00008067          	ret

00012a20 <_malloc_usable_size_r>:
   12a20:	ffc5a783          	lw	a5,-4(a1)
   12a24:	ffc78513          	addi	a0,a5,-4
   12a28:	0007d863          	bgez	a5,12a38 <_malloc_usable_size_r+0x18>
   12a2c:	00a585b3          	add	a1,a1,a0
   12a30:	0005a783          	lw	a5,0(a1)
   12a34:	00f50533          	add	a0,a0,a5
   12a38:	00008067          	ret

00012a3c <__divsi3>:
   12a3c:	06054063          	bltz	a0,12a9c <__umodsi3+0x10>
   12a40:	0605c663          	bltz	a1,12aac <__umodsi3+0x20>

00012a44 <__hidden___udivsi3>:
   12a44:	00058613          	mv	a2,a1
   12a48:	00050593          	mv	a1,a0
   12a4c:	fff00513          	li	a0,-1
   12a50:	02060c63          	beqz	a2,12a88 <__hidden___udivsi3+0x44>
   12a54:	00100693          	li	a3,1
   12a58:	00b67a63          	bgeu	a2,a1,12a6c <__hidden___udivsi3+0x28>
   12a5c:	00c05863          	blez	a2,12a6c <__hidden___udivsi3+0x28>
   12a60:	00161613          	slli	a2,a2,0x1
   12a64:	00169693          	slli	a3,a3,0x1
   12a68:	feb66ae3          	bltu	a2,a1,12a5c <__hidden___udivsi3+0x18>
   12a6c:	00000513          	li	a0,0
   12a70:	00c5e663          	bltu	a1,a2,12a7c <__hidden___udivsi3+0x38>
   12a74:	40c585b3          	sub	a1,a1,a2
   12a78:	00d56533          	or	a0,a0,a3
   12a7c:	0016d693          	srli	a3,a3,0x1
   12a80:	00165613          	srli	a2,a2,0x1
   12a84:	fe0696e3          	bnez	a3,12a70 <__hidden___udivsi3+0x2c>
   12a88:	00008067          	ret

00012a8c <__umodsi3>:
   12a8c:	00008293          	mv	t0,ra
   12a90:	fb5ff0ef          	jal	12a44 <__hidden___udivsi3>
   12a94:	00058513          	mv	a0,a1
   12a98:	00028067          	jr	t0
   12a9c:	40a00533          	neg	a0,a0
   12aa0:	00b04863          	bgtz	a1,12ab0 <__umodsi3+0x24>
   12aa4:	40b005b3          	neg	a1,a1
   12aa8:	f9dff06f          	j	12a44 <__hidden___udivsi3>
   12aac:	40b005b3          	neg	a1,a1
   12ab0:	00008293          	mv	t0,ra
   12ab4:	f91ff0ef          	jal	12a44 <__hidden___udivsi3>
   12ab8:	40a00533          	neg	a0,a0
   12abc:	00028067          	jr	t0

00012ac0 <__modsi3>:
   12ac0:	00008293          	mv	t0,ra
   12ac4:	0005ca63          	bltz	a1,12ad8 <__modsi3+0x18>
   12ac8:	00054c63          	bltz	a0,12ae0 <__modsi3+0x20>
   12acc:	f79ff0ef          	jal	12a44 <__hidden___udivsi3>
   12ad0:	00058513          	mv	a0,a1
   12ad4:	00028067          	jr	t0
   12ad8:	40b005b3          	neg	a1,a1
   12adc:	fe0558e3          	bgez	a0,12acc <__modsi3+0xc>
   12ae0:	40a00533          	neg	a0,a0
   12ae4:	f61ff0ef          	jal	12a44 <__hidden___udivsi3>
   12ae8:	40b00533          	neg	a0,a1
   12aec:	00028067          	jr	t0

00012af0 <_close>:
   12af0:	05800793          	li	a5,88
   12af4:	86f1a823          	sw	a5,-1936(gp) # 13d28 <errno>
   12af8:	fff00513          	li	a0,-1
   12afc:	00008067          	ret

00012b00 <_fstat>:
   12b00:	05800793          	li	a5,88
   12b04:	86f1a823          	sw	a5,-1936(gp) # 13d28 <errno>
   12b08:	fff00513          	li	a0,-1
   12b0c:	00008067          	ret

00012b10 <_isatty>:
   12b10:	05800793          	li	a5,88
   12b14:	86f1a823          	sw	a5,-1936(gp) # 13d28 <errno>
   12b18:	00000513          	li	a0,0
   12b1c:	00008067          	ret

00012b20 <_lseek>:
   12b20:	05800793          	li	a5,88
   12b24:	86f1a823          	sw	a5,-1936(gp) # 13d28 <errno>
   12b28:	fff00513          	li	a0,-1
   12b2c:	00008067          	ret

00012b30 <_read>:
   12b30:	05800793          	li	a5,88
   12b34:	86f1a823          	sw	a5,-1936(gp) # 13d28 <errno>
   12b38:	fff00513          	li	a0,-1
   12b3c:	00008067          	ret

00012b40 <_sbrk>:
   12b40:	8a01a783          	lw	a5,-1888(gp) # 13d58 <heap_end.0>
   12b44:	00078a63          	beqz	a5,12b58 <_sbrk+0x18>
   12b48:	00a78533          	add	a0,a5,a0
   12b4c:	8aa1a023          	sw	a0,-1888(gp) # 13d58 <heap_end.0>
   12b50:	00078513          	mv	a0,a5
   12b54:	00008067          	ret
   12b58:	00001797          	auipc	a5,0x1
   12b5c:	3e078793          	addi	a5,a5,992 # 13f38 <__BSS_END__>
   12b60:	00a78533          	add	a0,a5,a0
   12b64:	8aa1a023          	sw	a0,-1888(gp) # 13d58 <heap_end.0>
   12b68:	00078513          	mv	a0,a5
   12b6c:	00008067          	ret

00012b70 <_write>:
   12b70:	05800793          	li	a5,88
   12b74:	86f1a823          	sw	a5,-1936(gp) # 13d28 <errno>
   12b78:	fff00513          	li	a0,-1
   12b7c:	00008067          	ret

00012b80 <_exit>:
   12b80:	0000006f          	j	12b80 <_exit>

Disassembly of section .rodata:

00012b84 <.rodata>:
   12b84:	6425                	.insn	2, 0x6425
   12b86:	000a                	.insn	2, 0x000a
   12b88:	0001                	.insn	2, 0x0001
   12b8a:	0000                	.insn	2, 0x0000
   12b8c:	0002                	.insn	2, 0x0002
   12b8e:	0000                	.insn	2, 0x0000
   12b90:	00000003          	lb	zero,0(zero) # 0 <exit-0x100b4>
   12b94:	0004                	.insn	2, 0x0004
   12b96:	0000                	.insn	2, 0x0000
   12b98:	0005                	.insn	2, 0x0005
   12b9a:	0000                	.insn	2, 0x0000
   12b9c:	0006                	.insn	2, 0x0006
   12b9e:	0000                	.insn	2, 0x0000
   12ba0:	0001                	.insn	2, 0x0001
   12ba2:	0000                	.insn	2, 0x0000
   12ba4:	0002                	.insn	2, 0x0002
   12ba6:	0000                	.insn	2, 0x0000
   12ba8:	00000003          	lb	zero,0(zero) # 0 <exit-0x100b4>
   12bac:	0004                	.insn	2, 0x0004
   12bae:	0000                	.insn	2, 0x0000
   12bb0:	0005                	.insn	2, 0x0005
   12bb2:	0000                	.insn	2, 0x0000
   12bb4:	0006                	.insn	2, 0x0006
   12bb6:	0000                	.insn	2, 0x0000
   12bb8:	0006                	.insn	2, 0x0006
   12bba:	0000                	.insn	2, 0x0000
   12bbc:	0002                	.insn	2, 0x0002
   12bbe:	0000                	.insn	2, 0x0000
   12bc0:	00000003          	lb	zero,0(zero) # 0 <exit-0x100b4>
   12bc4:	0004                	.insn	2, 0x0004
   12bc6:	0000                	.insn	2, 0x0000
   12bc8:	0005                	.insn	2, 0x0005
   12bca:	0000                	.insn	2, 0x0000
   12bcc:	0006                	.insn	2, 0x0006
   12bce:	0000                	.insn	2, 0x0000
   12bd0:	0006                	.insn	2, 0x0006
   12bd2:	0000                	.insn	2, 0x0000
   12bd4:	0001                	.insn	2, 0x0001
   12bd6:	0000                	.insn	2, 0x0000
   12bd8:	00000003          	lb	zero,0(zero) # 0 <exit-0x100b4>
   12bdc:	0004                	.insn	2, 0x0004
   12bde:	0000                	.insn	2, 0x0000
   12be0:	0005                	.insn	2, 0x0005
   12be2:	0000                	.insn	2, 0x0000
   12be4:	0006                	.insn	2, 0x0006
   12be6:	0000                	.insn	2, 0x0000
   12be8:	0001                	.insn	2, 0x0001
   12bea:	0000                	.insn	2, 0x0000
   12bec:	0002                	.insn	2, 0x0002
   12bee:	0000                	.insn	2, 0x0000
   12bf0:	00000003          	lb	zero,0(zero) # 0 <exit-0x100b4>
   12bf4:	0004                	.insn	2, 0x0004
   12bf6:	0000                	.insn	2, 0x0000
   12bf8:	0005                	.insn	2, 0x0005
   12bfa:	0000                	.insn	2, 0x0000
   12bfc:	0006                	.insn	2, 0x0006
   12bfe:	0000                	.insn	2, 0x0000
   12c00:	0001                	.insn	2, 0x0001
   12c02:	0000                	.insn	2, 0x0000
   12c04:	0002                	.insn	2, 0x0002
   12c06:	0000                	.insn	2, 0x0000
   12c08:	00000003          	lb	zero,0(zero) # 0 <exit-0x100b4>
   12c0c:	0004                	.insn	2, 0x0004
   12c0e:	0000                	.insn	2, 0x0000
   12c10:	0005                	.insn	2, 0x0005
   12c12:	0000                	.insn	2, 0x0000
   12c14:	0006                	.insn	2, 0x0006
   12c16:	0000                	.insn	2, 0x0000
   12c18:	2b302d23          	sw	s3,698(zero) # 2ba <exit-0xfdfa>
   12c1c:	0020                	.insn	2, 0x0020
   12c1e:	0000                	.insn	2, 0x0000
   12c20:	6c68                	.insn	2, 0x6c68
   12c22:	004c                	.insn	2, 0x004c
   12c24:	6665                	.insn	2, 0x6665
   12c26:	47464567          	.insn	4, 0x47464567
   12c2a:	0000                	.insn	2, 0x0000
   12c2c:	3130                	.insn	2, 0x3130
   12c2e:	3332                	.insn	2, 0x3332
   12c30:	3534                	.insn	2, 0x3534
   12c32:	3736                	.insn	2, 0x3736
   12c34:	3938                	.insn	2, 0x3938
   12c36:	4241                	.insn	2, 0x4241
   12c38:	46454443          	.insn	4, 0x46454443
   12c3c:	0000                	.insn	2, 0x0000
   12c3e:	0000                	.insn	2, 0x0000
   12c40:	3130                	.insn	2, 0x3130
   12c42:	3332                	.insn	2, 0x3332
   12c44:	3534                	.insn	2, 0x3534
   12c46:	3736                	.insn	2, 0x3736
   12c48:	3938                	.insn	2, 0x3938
   12c4a:	6261                	.insn	2, 0x6261
   12c4c:	66656463          	bltu	a0,t1,132b4 <__EH_FRAME_BEGIN__+0x608>
   12c50:	0000                	.insn	2, 0x0000
   12c52:	0000                	.insn	2, 0x0000
   12c54:	ee6c                	.insn	2, 0xee6c
   12c56:	ffff                	.insn	2, 0xffff
   12c58:	ee8c                	.insn	2, 0xee8c
   12c5a:	ffff                	.insn	2, 0xffff
   12c5c:	ee38                	.insn	2, 0xee38
   12c5e:	ffff                	.insn	2, 0xffff
   12c60:	ee38                	.insn	2, 0xee38
   12c62:	ffff                	.insn	2, 0xffff
   12c64:	ee38                	.insn	2, 0xee38
   12c66:	ffff                	.insn	2, 0xffff
   12c68:	ee38                	.insn	2, 0xee38
   12c6a:	ffff                	.insn	2, 0xffff
   12c6c:	ee8c                	.insn	2, 0xee8c
   12c6e:	ffff                	.insn	2, 0xffff
   12c70:	ee38                	.insn	2, 0xee38
   12c72:	ffff                	.insn	2, 0xffff
   12c74:	ee38                	.insn	2, 0xee38
   12c76:	ffff                	.insn	2, 0xffff
   12c78:	ee38                	.insn	2, 0xee38
   12c7a:	ffff                	.insn	2, 0xffff
   12c7c:	ee38                	.insn	2, 0xee38
   12c7e:	ffff                	.insn	2, 0xffff
   12c80:	f08c                	.insn	2, 0xf08c
   12c82:	ffff                	.insn	2, 0xffff
   12c84:	eee4                	.insn	2, 0xeee4
   12c86:	ffff                	.insn	2, 0xffff
   12c88:	ef30                	.insn	2, 0xef30
   12c8a:	ffff                	.insn	2, 0xffff
   12c8c:	ee38                	.insn	2, 0xee38
   12c8e:	ffff                	.insn	2, 0xffff
   12c90:	ee38                	.insn	2, 0xee38
   12c92:	ffff                	.insn	2, 0xffff
   12c94:	f0d4                	.insn	2, 0xf0d4
   12c96:	ffff                	.insn	2, 0xffff
   12c98:	ee38                	.insn	2, 0xee38
   12c9a:	ffff                	.insn	2, 0xffff
   12c9c:	eee4                	.insn	2, 0xeee4
   12c9e:	ffff                	.insn	2, 0xffff
   12ca0:	ee38                	.insn	2, 0xee38
   12ca2:	ffff                	.insn	2, 0xffff
   12ca4:	ee38                	.insn	2, 0xee38
   12ca6:	ffff                	.insn	2, 0xffff
   12ca8:	ef3c                	.insn	2, 0xef3c
   12caa:	ffff                	.insn	2, 0xffff

Disassembly of section .eh_frame:

00012cac <__EH_FRAME_BEGIN__>:
   12cac:	0000                	.insn	2, 0x0000
	...

Disassembly of section .init_array:

00013cb0 <__frame_dummy_init_array_entry>:
   13cb0:	0194                	.insn	2, 0x0194
   13cb2:	0001                	.insn	2, 0x0001

Disassembly of section .fini_array:

00013cb4 <__do_global_dtors_aux_fini_array_entry>:
   13cb4:	0148                	.insn	2, 0x0148
   13cb6:	0001                	.insn	2, 0x0001

Disassembly of section .data:

00013cb8 <__sglue>:
   13cb8:	0000                	.insn	2, 0x0000
   13cba:	0000                	.insn	2, 0x0000
   13cbc:	00000003          	lb	zero,0(zero) # 0 <exit-0x100b4>
   13cc0:	3d74                	.insn	2, 0x3d74
   13cc2:	0001                	.insn	2, 0x0001

00013cc4 <_impure_data>:
   13cc4:	0000                	.insn	2, 0x0000
   13cc6:	0000                	.insn	2, 0x0000
   13cc8:	3d74                	.insn	2, 0x3d74
   13cca:	0001                	.insn	2, 0x0001
   13ccc:	3ddc                	.insn	2, 0x3ddc
   13cce:	0001                	.insn	2, 0x0001
   13cd0:	3e44                	.insn	2, 0x3e44
   13cd2:	0001                	.insn	2, 0x0001
	...

Disassembly of section .sdata:

00013d10 <__dso_handle>:
   13d10:	0000                	.insn	2, 0x0000
	...

00013d14 <_impure_ptr>:
   13d14:	3cc4                	.insn	2, 0x3cc4
   13d16:	0001                	.insn	2, 0x0001

00013d18 <__atexit_dummy>:
   13d18:	0edc                	.insn	2, 0x0edc
   13d1a:	0001                	.insn	2, 0x0001

00013d1c <__atexit_recursive_mutex>:
   13d1c:	3d44                	.insn	2, 0x3d44
   13d1e:	0001                	.insn	2, 0x0001

Disassembly of section .comment:

00000000 <.comment>:
   0:	3a434347          	.insn	4, 0x3a434347
   4:	2820                	.insn	2, 0x2820
   6:	5078                	.insn	2, 0x5078
   8:	6361                	.insn	2, 0x6361
   a:	4e47206b          	.insn	4, 0x4e47206b
   e:	2055                	.insn	2, 0x2055
  10:	4952                	.insn	2, 0x4952
  12:	562d4353          	.insn	4, 0x562d4353
  16:	4520                	.insn	2, 0x4520
  18:	626d                	.insn	2, 0x626d
  1a:	6465                	.insn	2, 0x6465
  1c:	6564                	.insn	2, 0x6564
  1e:	2064                	.insn	2, 0x2064
  20:	20434347          	.insn	4, 0x20434347
  24:	3878                	.insn	2, 0x3878
  26:	5f36                	.insn	2, 0x5f36
  28:	3436                	.insn	2, 0x3436
  2a:	2029                	.insn	2, 0x2029
  2c:	3531                	.insn	2, 0x3531
  2e:	322e                	.insn	2, 0x322e
  30:	302e                	.insn	2, 0x302e
	...

Disassembly of section .riscv.attributes:

00000000 <.riscv.attributes>:
   0:	1f41                	.insn	2, 0x1f41
   2:	0000                	.insn	2, 0x0000
   4:	7200                	.insn	2, 0x7200
   6:	7369                	.insn	2, 0x7369
   8:	01007663          	bgeu	zero,a6,14 <exit-0x100a0>
   c:	0015                	.insn	2, 0x0015
   e:	0000                	.insn	2, 0x0000
  10:	1004                	.insn	2, 0x1004
  12:	7205                	.insn	2, 0x7205
  14:	3376                	.insn	2, 0x3376
  16:	6932                	.insn	2, 0x6932
  18:	7032                	.insn	2, 0x7032
  1a:	0031                	.insn	2, 0x0031
  1c:	0108                	.insn	2, 0x0108
  1e:	0b0a                	.insn	2, 0x0b0a
